ReportDate,DataYM,CompanyCode,CompanyName,Industry,NowRevenue,LastMonthRevenue,LastYearSameMonthRevenue,MonthlyPercent,YearlyPercent,CumulativeNowRevenue,CumulativeLastYearRevenue,CumulativeChangePercent,Comment
1150117,11412,1101,台泥,水泥工業,14219975,13121753,16543379,8.369476243,-14.04431344,150662273,154909312,-2.741629244,-
1150117,11412,1102,亞泥,水泥工業,6172608,5885302,7085373,4.881754581,-12.8823846,71040192,76289963,-6.88133903,-
1150117,11412,1103,嘉泥,水泥工業,274867,249102,284185,10.3431526,-3.278850045,3015357,2984963,1.018237077,-
1150117,11412,1104,環泥,水泥工業,779128,636793,755359,22.35184746,3.146715668,7922013,7953734,-0.39881897,-
1150117,11412,1108,幸福,水泥工業,373043,326349,503598,14.30799543,-25.92444767,4450781,4867094,-8.553625634,-
1150117,11412,1109,信大,水泥工業,415638,354802,397254,17.14646479,4.627769639,4431538,4656291,-4.826867565,-
1150117,11412,1110,東泥,水泥工業,236192,210022,260477,12.46059937,-9.323279982,2851556,2872958,-0.744946498,-
1150117,11412,1201,味全,食品工業,1670916,1651571,1850209,1.171309014,-9.690418758,21842084,23473804,-6.951238069,-
1150117,11412,1203,味王,食品工業,435027,434162,602521,0.199234387,-27.7988651,5620661,6232086,-9.810920453,-
1150117,11412,1210,大成,食品工業,9592082,8857963,9166173,8.287672911,4.646530237,102579443,103574151,-0.96038248,-
1150117,11412,1213,大飲,食品工業,20948,23757,16829,-11.82388349,24.47560758,297365,191040,55.65588358,"113年12月因產能不足,恢復產能後及積極推展業務,致使114年12月營收成長"
1150117,11412,1215,卜蜂,食品工業,2749915,2482253,2433129,10.78302655,13.01969604,28431622,27957258,1.696747227,-
1150117,11412,1216,統一,食品工業,52311321,51161260,51439480,2.247913753,1.694886885,672863647,657630647,2.31634582,-
1150117,11412,1217,愛之味,食品工業,314958,324091,332502,-2.818035675,-5.27635924,5035944,5116701,-1.578302113,-
1150117,11412,1218,泰山,食品工業,832865,755967,728608,10.17213714,14.30906605,10117411,10681240,-5.278684872,-
1150117,11412,1219,福壽,食品工業,1332578,1202794,1268028,10.79021013,5.090581596,14408120,14345171,0.438816658,-
1150117,11412,1220,台榮,食品工業,308992,360840,320533,-14.36869527,-3.600565308,3416643,3488761,-2.067152207,-
1150117,11412,1225,福懋油,食品工業,1130151,992489,1187967,13.87038043,-4.866801856,12194204,12977345,-6.034678126,-
1150117,11412,1227,佳格,食品工業,2774103,2611225,3346029,6.237608785,-17.09267911,27876247,28973692,-3.787729227,-
1150117,11412,1229,聯華,食品工業,1367820,1273348,1229499,7.419181559,11.25019215,13420176,12946742,3.656780988,-
1150117,11412,1231,聯華食,食品工業,1303204,1019108,1396819,27.87692767,-6.702013647,12867131,12201941,5.451509723,-
1150117,11412,1232,大統益,食品工業,1993530,1822177,1950296,9.403751666,2.216791708,21513071,22066604,-2.508464828,-
1150117,11412,1233,天仁,食品工業,202853,176031,211857,15.23708892,-4.250036581,2165326,2217314,-2.344638603,-
1150117,11412,1234,黑松,食品工業,640539,684260,708329,-6.389530296,-9.57041149,9511151,10253071,-7.236075904,-
1150117,11412,1235,興泰,食品工業,11362,24760,11593,-54.11147011,-1.99258173,175916,112698,56.09505049,"泰宇網通累計1-12月營收較去年同期增加  74,315   仟元"
1150117,11412,1236,宏亞,食品工業,196864,120899,265285,62.83343948,-25.79150725,1813512,1977776,-8.305490612,-
1150117,11412,1256,鮮活果汁-KY,食品工業,408763,240414,234226,70.02462419,74.51649262,4119847,4003256,2.912404303,本月因果汁類產品銷量增加，致營收較去年同期成長。
1150117,11412,1301,台塑,塑膠工業,14304735,13389395,16445283,6.836305897,-13.01618221,175411403,200040347,-12.31198824,-
1150117,11412,1303,南亞,塑膠工業,22097720,21130715,23425080,4.576300423,-5.666405408,259902881,259608483,0.113400763,-
1150117,11412,1304,台聚,塑膠工業,3416559,3258556,4172565,4.848865571,-18.11849546,44167026,51014697,-13.42293771,-
1150117,11412,1305,華夏,塑膠工業,656140,621233,746673,5.618986757,-12.12485251,9220772,11086333,-16.827575,-
1150117,11412,1307,三芳,塑膠工業,799144,850259,808138,-6.011697612,-1.112928732,10814943,10779822,0.325803153,-
1150117,11412,1308,亞聚,塑膠工業,494254,468030,554385,5.603059633,-10.84643344,5744290,6031298,-4.758643993,-
1150117,11412,1309,台達化,塑膠工業,1042274,909181,1556333,14.6387793,-33.03014201,14484486,18622672,-22.22122583,-
1150117,11412,1310,台苯,塑膠工業,535318,579949,997495,-7.695676689,-46.33376608,8672932,11422836,-24.07374141,-
1150117,11412,1312,國喬,塑膠工業,2356924,2089472,1430644,12.79998009,64.74566699,22707547,16419410,38.29697291,今年三月份重要子公司開始投產銷售，不論單月營收或累計營收，均較去年同期增加，惟國際經濟環境仍紛擾，市場利差不如預期。
1150117,11412,1313,聯成,塑膠工業,5084497,4909229,6438589,3.570173646,-21.03088114,58766216,73319410,-19.84903316,-
1150117,11412,1314,中石化,塑膠工業,1347475,1101798,2208382,22.29782592,-38.98360881,19217032,30130776,-36.22125099,"子公司依IFRS 5將營收重分類為停業單位，113年合併營收查核數為29,442,175仟元，與公告營收差異數為新台幣(688,601)仟元"
1150117,11412,1315,達新,塑膠工業,174011,215851,196996,-19.38374156,-11.6677496,2285521,2146896,6.45699652,-
1150117,11412,1316,上曜,建材營造,630347,605369,204716,4.126078474,207.9129135,4483061,1501378,198.5964228,主因子公司營收上升，致本月及本年度營收較去年同期增加。
1150117,11412,1319,東陽,汽車工業,2093315,2217502,2248065,-5.60031062,-6.883697758,25092958,25596063,-1.965556187,-
1150117,11412,1321,大洋,塑膠工業,284182,255668,373483,11.15274497,-23.91032524,3559243,4683165,-23.99919712,-
1150117,11412,1323,永裕,塑膠工業,162846,168377,176156,-3.284890454,-7.555802811,2020455,2650593,-23.77347258,-
1150117,11412,1324,地球,塑膠工業,66089,52854,70617,25.04067809,-6.412053755,733979,795197,-7.698469687,-
1150117,11412,1325,恆大,塑膠工業,19061,23153,22123,-17.67373559,-13.84079917,290905,317389,-8.344334555,-
1150117,11412,1326,台化,塑膠工業,21972816,20881356,27307241,5.226959399,-19.53483693,287033924,348607574,-17.66274017,-
1150117,11412,1337,再生-KY,塑膠工業,61227,46559,80003,31.50411306,-23.46911991,663537,817163,-18.79992119,-
1150117,11412,1338,廣華-KY,汽車工業,429562,470103,503089,-8.623854772,-14.61510786,5229560,5087625,2.789808604,-
1150117,11412,1339,昭輝,汽車工業,131948,120888,180690,9.148964331,-26.97548287,1660813,1932121,-14.0419777,-
1150117,11412,1340,勝悅-KY,塑膠工業,3200,3400,28689,-5.882352941,-88.84589913,42394,376371,-88.7361141,"12月份本年累計停業部門(鞋業)的營業收入淨額為新台幣113,430千元"
1150117,11412,1341,富林-KY,塑膠工業,242554,198174,266073,22.39446143,-8.839303499,2566811,2789002,-7.966684857,-
1150117,11412,1342,八貫,其他,355361,219913,278441,61.59162942,27.62524197,2862073,2511442,13.96134173,-
1150117,11412,1402,遠東新,紡織纖維,23787210,21519377,25020907,10.53856252,-4.930664584,253764717,271331712,-6.474361169,-
1150117,11412,1409,新纖,紡織纖維,3085248,3055682,4675360,0.967574505,-34.01047192,39331375,46071535,-14.62977086,-
1150117,11412,1410,南染,紡織纖維,14249,15175,20332,-6.10214168,-29.9183553,189518,235070,-19.3780576,-
1150117,11412,1413,宏洲,紡織纖維,154304,153659,194570,0.419760639,-20.6948656,2118977,2305985,-8.109679811,-
1150117,11412,1414,東和,紡織纖維,40662,35182,41184,15.57614689,-1.267482517,468037,523911,-10.66478849,-
1150117,11412,1416,廣豐,其他,38528,36928,35934,4.332755633,7.218790004,360152,333508,7.989013757,-
1150117,11412,1417,嘉裕,紡織纖維,31994,64611,52921,-50.48211605,-39.54384838,403907,600925,-32.78578858,-
1150117,11412,1418,東華,紡織纖維,17,1094,1059,-98.44606947,-98.39471199,5329,10248,-47.99960968,因配合客戶生產線出貨及去年同期銷庫存。
1150117,11412,1419,新紡,紡織纖維,585763,467734,567211,25.23421432,3.270740518,4733193,4214489,12.30763682,-
1150117,11412,1423,利華,紡織纖維,7798,4526,5123,72.29341582,52.21549873,85388,104444,-18.24518402,十二月份營收較去年同期增加主因外銷訂單增加。
1150117,11412,1432,大魯閣,運動休閒,111500,98737,114392,12.92625865,-2.528148822,1321771,1268633,4.188603008,-
1150117,11412,1434,福懋,紡織纖維,2275014,1929424,2422393,17.91156324,-6.084025177,27543789,28715705,-4.081097783,-
1150117,11412,1435,中福,其他,499,498,498,0.200803213,0.200803213,5982,10679,-43.98351906,-
1150117,11412,1436,華友聯,建材營造,134322,28584,119140,369.9202351,12.74299144,3890912,6955263,-44.05801765,-
1150117,11412,1437,勤益控,其他,68966,83552,79856,-17.4573918,-13.63704668,926788,845271,9.643889356,-
1150117,11412,1438,三地開發,建材營造,270545,458122,0,-40.94477017,,1259125,1166647,7.926819338,本月較去年同期增加，係本月建案交屋認列收入所致。
1150117,11412,1439,雋揚,建材營造,274347,18164,9864,1410.388681,2681.29562,813068,98151,728.3848356,主係本公司按持有比例陸續認列聯合營運建案交屋之營收。
1150117,11412,1440,南紡,紡織纖維,1156698,991299,1220005,16.68507685,-5.189077094,14420713,17190251,-16.11109692,-
1150117,11412,1441,大東,紡織纖維,126517,124052,127342,1.987069938,-0.647861664,1516069,1626033,-6.762716378,-
1150117,11412,1442,名軒,建材營造,256592,200789,170724,27.79186111,50.29638481,3330041,8801900,-62.16679353,本月認收23戶，去年同期認收14戶；本年累計認收290戶，去年累計認收752戶，故兩期差異大。
1150117,11412,1443,立益物流,其他,77201,76553,83526,0.846472379,-7.572492398,981539,924488,6.171091458,-
1150117,11412,1444,力麗,紡織纖維,544906,566802,728350,-3.863077406,-25.18624288,7113542,8269876,-13.98248293,-
1150117,11412,1445,大宇,紡織纖維,65402,47108,54729,38.83416829,19.50154397,770092,989122,-22.14388114,-
1150117,11412,1446,宏和,紡織纖維,8724,13991,136543,-37.64562933,-93.61080392,1019741,3676403,-72.26253487,本月營建無認列收入
1150117,11412,1447,力鵬,紡織纖維,1895903,3023367,2887619,-37.29166853,-34.34372748,27859035,34825197,-20.00322353,-
1150117,11412,1449,佳和,紡織纖維,482486,269350,200314,79.12975682,140.8648422,2703130,2893648,-6.584007454,營收回穩及合併子公司營收
1150117,11412,1451,年興,紡織纖維,535664,566553,429413,-5.452093626,24.74331238,6261211,6420661,-2.483389171,本年累計營收較去年累計營收減少2.48%，主係後龍關廠影響。
1150117,11412,1452,宏益,紡織纖維,101890,101471,158404,0.412925861,-35.67712937,1356156,1700438,-20.24666586,-
1150117,11412,1453,大將,建材營造,126,183,115,-31.14754098,9.565217391,1475,1375,7.272727273,-
1150117,11412,1454,台富,紡織纖維,137106,106049,157745,29.28551896,-13.08377445,1537001,1623569,-5.331956942,無
1150117,11412,1455,集盛,紡織纖維,403214,404535,705994,-0.326547765,-42.88705003,6202347,9427002,-34.2065802,-
1150117,11412,1456,怡華,建材營造,99865,55086,133061,81.2892568,-24.9479562,828991,1042274,-20.46323711,-
1150117,11412,1457,宜進,紡織纖維,211614,199771,301867,5.92828789,-29.89826646,2976060,3389937,-12.20898795,-
1150117,11412,1459,聯發,紡織纖維,74746,100634,133144,-25.72490411,-43.86078231,1180950,1314593,-10.16611225,-
1150117,11412,1460,宏遠,紡織纖維,771403,648977,928728,18.86445899,-16.93983599,7488285,8263751,-9.38394683,-
1150117,11412,1463,強盛新,紡織纖維,19310,15760,377986,22.52538071,-94.89134518,812074,638150,27.25440727,子公司保強建設房屋售出入帳
1150117,11412,1464,得力,紡織纖維,1123593,934354,1160558,20.25345854,-3.185105785,12508043,11928088,4.862095249,-
1150117,11412,1465,偉全,紡織纖維,31554,17984,37877,75.45596085,-16.69350793,357635,494877,-27.73254768,-
1150117,11412,1466,聚隆,紡織纖維,240567,220544,279141,9.078913958,-13.81882275,2606048,2966710,-12.15696849,-
1150117,11412,1467,南緯,紡織纖維,442747,510826,510712,-13.32723863,-13.30789173,5149902,5037100,2.239423478,-
1150117,11412,1468,昶和,紡織纖維,59766,66456,75121,-10.06681112,-20.44035623,836667,1078244,-22.40466907,-
1150117,11412,1470,大統新創,紡織纖維,87108,59006,74962,47.62566519,16.20287612,803710,788039,1.988607163,-
1150117,11412,1471,首利,電子零組件業,10886,9019,24244,20.70074288,-55.09816862,182641,278293,-34.37096873,本月營收較去年同期減少，主係因為客戶需求減少所致。
1150117,11412,1472,三洋實業,建材營造,320728,300744,278616,6.644854095,15.11470985,3643138,2335467,55.99184232,本公司以專案收入為主要營收，因各財務報表期間所認列專案別不同，使得營業收入同期比較不具相同基礎，此為本公司營業特性。
1150117,11412,1473,台南,紡織纖維,470114,471307,799778,-0.253125882,-41.21943839,6676978,7446440,-10.33328678,-
1150117,11412,1474,弘裕,紡織纖維,262667,250181,300454,4.99078667,-12.57663403,2916486,3168177,-7.944347806,-
1150117,11412,1475,業旺,紡織纖維,136128,124001,167736,9.779759841,-18.84389755,1470203,1963370,-25.11839337,-
1150117,11412,1476,儒鴻,紡織纖維,3300238,2891719,3422441,14.12720254,-3.570638617,37989751,36828499,3.153134207,-
1150117,11412,1477,聚陽,紡織纖維,3204380,2593161,3528072,23.57042235,-9.174756071,34428057,35523576,-3.083920943,-
1150117,11412,1503,士電,電機機械,4072311,2963128,3459721,37.43284124,17.70634106,37177928,35071141,6.007181232,-
1150117,11412,1504,東元,電機機械,5662223,4680840,4896550,20.9659591,15.63698931,59070263,55472389,6.485882553,-
1150117,11412,1506,正道,電機機械,80275,84284,91500,-4.756537421,-12.26775956,1071595,1036620,3.373946094,-
1150117,11412,1512,瑞利,汽車工業,108275,99547,87289,8.767717761,24.04197551,1147752,1063383,7.934018129,-
1150117,11412,1513,中興電,電機機械,2564559,2321427,2352792,10.47338555,9.000668142,27446771,25609551,7.17396412,-
1150117,11412,1514,亞力,電機機械,1223463,1062946,1104137,15.10114343,10.80717339,10554551,8828814,19.54664579,-
1150117,11412,1515,力山,電機機械,555964,734140,280976,-24.27003024,97.86885713,5419291,6099286,-11.14876397,客戶庫存管理增加採購量
1150117,11412,1516,川飛,其他,4723,9778,12559,-51.69768869,-62.39350267,78814,606144,-86.99747915,新拓展業務小量出貨，營收未及原有業務
1150117,11412,1517,利奇,電機機械,183763,157263,213006,16.8507532,-13.72872126,2021270,2025765,-0.221891483,-
1150117,11412,1519,華城,電機機械,3888791,1975829,3508025,96.81819631,10.85414158,24423057,20202779,20.88959148,-
1150117,11412,1521,大億,汽車工業,316032,314759,263140,0.40443641,20.10032682,3629959,3696220,-1.792669268,-
1150117,11412,1522,堤維西,汽車工業,2800356,2718787,1639508,3.00019825,70.80465603,24427610,20125691,21.3752611,本月增加50%以上原因：主要是大茂堤維西汽車部件有限公司營收併入所致
1150117,11412,1524,耿鼎,汽車工業,271962,211724,354399,28.45119117,-23.26107015,2630111,3015605,-12.78330551,-
1150117,11412,1525,江申,汽車工業,124588,110229,132953,13.02651752,-6.291697066,1245660,1458634,-14.60092114,-
1150117,11412,1526,日馳,電機機械,59074,52744,51341,12.00136508,15.06203619,771039,720682,6.987409149,-
1150117,11412,1527,鑽全,電機機械,188483,205213,201997,-8.152504958,-6.690198369,2896539,3130242,-7.465972279,-
1150117,11412,1528,恩德,電機機械,210545,200903,283842,4.79933102,-25.82316923,2803353,3695783,-24.14725107,-
1150117,11412,1529,樂事綠能,電機機械,121570,32695,49602,271.8305551,145.0909238,925517,696439,32.89275873,"本月有台電亭置式變壓器交貨,故營收增幅大"
1150117,11412,1530,亞崴,電機機械,184549,163998,230795,12.53125038,-20.03769579,1926469,1917762,0.454018799,-
1150117,11412,1531,高林股,電機機械,133712,93881,162297,42.42711518,-17.61277165,1491345,1637783,-8.941233362,-
1150117,11412,1532,勤美,電機機械,1017860,1142265,1099756,-10.89108044,-7.446742732,15388946,18113863,-15.04326824,-
1150117,11412,1533,車王電,汽車工業,332837,486358,595876,-31.56543123,-44.14324457,4003279,3345715,19.65391553,-
1150117,11412,1535,中宇,電機機械,910342,846560,1266132,7.534256284,-28.1005456,11366055,10858807,4.671305052,-
1150117,11412,1536,和大,汽車工業,361269,428020,334925,-15.59529929,7.865641562,4762746,5774470,-17.52063826,-
1150117,11412,1537,廣隆,電機機械,557114,543153,669801,2.57036231,-16.82395219,6631601,8137839,-18.5090661,-
1150117,11412,1538,正峰,電機機械,9989,5616,15629,77.86680912,-36.08676179,115586,112684,2.575343438,-
1150117,11412,1539,巨庭,電機機械,78913,96205,99833,-17.97411777,-20.95499484,1302082,1338821,-2.744130843,-
1150117,11412,1540,喬福,電機機械,29325,38433,18946,-23.6983842,54.78201203,495439,498100,-0.534230074,大陸及美國巿場成長
1150117,11412,1541,錩泰,電機機械,224189,252439,225920,-11.19082234,-0.766200425,3629326,2988448,21.44517823,-
1150117,11412,1558,伸興,電機機械,516979,550121,628440,-6.024492793,-17.73614028,8103980,8337227,-2.797656823,-
1150117,11412,1560,中砂,電機機械,735634,726848,630526,1.208780928,16.66989149,8149510,7019494,16.09825438,-
1150117,11412,1563,巧新,汽車工業,469209,581632,554036,-19.32888837,-15.31073793,6977350,7473579,-6.639777274,-
1150117,11412,1568,倉佑,汽車工業,105505,90256,77101,16.89527566,36.83998911,1052596,1049320,0.312202188,-
1150117,11412,1582,信錦,電子零組件業,689286,723891,867618,-4.780415836,-20.55420704,8679137,9404013,-7.708156082,-
1150117,11412,1583,程泰,電機機械,380350,327290,400585,16.21192215,-5.051362383,3887113,4422922,-12.11436693,-
1150117,11412,1587,吉茂,汽車工業,283295,247412,225431,14.50333856,25.66816454,2651919,2154168,23.1064151,-
1150117,11412,1589,永冠-KY,電機機械,701808,738031,810137,-4.908059418,-13.37168899,7927425,7202236,10.06894248,-
1150117,11412,1590,亞德客-KY,電機機械,3312944,3025066,2776727,9.516420468,19.31111701,34329946,30660133,11.96933164,本月營業收入換算匯率為4.4478838；本年累計營業收入換算匯率為4.3287721。
1150117,11412,1597,直得,電機機械,119726,109568,81609,9.270955023,46.70685831,1138316,1036581,9.81447663,-
1150117,11412,1598,岱宇,運動休閒,746675,452730,944152,64.92721931,-20.91580593,6131809,7216822,-15.03449856,-
1150117,11412,1603,華電,電器電纜,570069,470676,375611,21.11707417,51.77111426,5522406,4537973,21.69323176,"本公司產品為訂單式生產。營收增加主要係ZTACIR340、161KV電纜線及161KV附屬器材共116,685仟元。"
1150117,11412,1604,聲寶,電器電纜,683006,693465,844295,-1.508223198,-19.10339396,9049770,9493808,-4.677132716,-
1150117,11412,1605,華新,電器電纜,15517904,12761831,13658023,21.59621923,13.61749794,174272147,179196041,-2.747769411,-
1150117,11412,1608,華榮,電器電纜,898175,951897,915587,-5.643677835,-1.901730802,11331431,11329005,0.021414061,-
1150117,11412,1609,大亞,電器電纜,2627306,2743179,2615084,-4.224040794,0.467365484,31247317,30137294,3.683220531,-
1150117,11412,1611,中電,電器電纜,87070,77038,103453,13.02214492,-15.83617681,1064976,1160862,-8.259896525,-
1150117,11412,1612,宏泰,電器電纜,503375,640165,433326,-21.36792858,16.16542741,7550460,6583904,14.68059073,-
1150117,11412,1614,三洋電,電器電纜,366076,390309,473216,-6.208670566,-22.64082364,5352721,5676698,-5.707138199,-
1150117,11412,1615,大山,電器電纜,504432,517278,601962,-2.483384176,-16.2020194,5719051,5869663,-2.565939476,-
1150117,11412,1616,億泰,電器電纜,319913,420145,359515,-23.85652572,-11.01539574,5207639,4605188,13.08200664,-
1150117,11412,1617,榮星,電器電纜,329288,302734,275188,8.771396672,19.65928747,3363150,3395486,-0.952323173,-
1150117,11412,1618,合機,電器電纜,330626,388776,820458,-14.957199,-59.70226386,4815501,4674925,3.007021503,114年12月超高壓線及其相關附屬器材與高壓線出貨量較去年同期減少。
1150117,11412,1626,艾美特-KY,電器電纜,369026,496126,637713,-25.61849208,-42.13290305,7793999,8130776,-4.142003174,-
1150117,11412,1702,南僑,食品工業,2010718,2084636,2279916,-3.545846853,-11.80736483,23165348,23738315,-2.413680162,-
1150117,11412,1707,葡萄王,生技醫療業,829436,1092138,1192289,-24.05391993,-30.43330937,10251607,11160005,-8.139763378,-
1150117,11412,1708,東鹼,化學工業,532286,552855,556124,-3.720505377,-4.2864541,6156522,6365633,-3.284999308,-
1150117,11412,1709,和益,化學工業,704056,681082,769026,3.373162116,-8.44834895,9011697,10306048,-12.55914003,-
1150117,11412,1710,東聯,化學工業,1639028,1547024,2138124,5.947160484,-23.34270604,22253718,23784620,-6.436520743,無
1150117,11412,1711,永光,化學工業,660278,590314,724844,11.85199741,-8.907571836,7568574,8168220,-7.341207754,-
1150117,11412,1712,興農,化學工業,1467346,1438112,1411894,2.032804121,3.927490307,18610462,18927686,-1.675978775,-
1150117,11412,1713,國化,化學工業,46266,38993,48592,18.65206576,-4.78679618,460042,527973,-12.86637764,-
1150117,11412,1714,和桐,化學工業,2680334,2241492,1858807,19.57812029,44.1964658,23945078,20410398,17.31803564,-
1150117,11412,1717,長興,化學工業,3723693,3297285,3968361,12.93209413,-6.165467305,40684707,44191125,-7.934665614,-
1150117,11412,1718,中纖,化學工業,3547315,3668313,4237495,-3.298464444,-16.28745285,45809010,45424497,0.846488185,本月份自結異業別合併營收資訊，未經會計師簽證或核閱。
1150117,11412,1720,生達,生技醫療業,565825,577996,539892,-2.105723915,4.803368081,7022380,6788552,3.444445885,-
1150117,11412,1721,三晃,化學工業,192639,89134,167697,116.1229161,14.87325355,1774756,2286720,-22.38857403,-
1150117,11412,1722,台肥,化學工業,810828,913112,882512,-11.20169267,-8.122722411,12087502,11873336,1.803755912,-
1150117,11412,1723,中碳,化學工業,498829,380804,598567,30.99363452,-16.66279631,5858092,7647497,-23.3985708,-
1150117,11412,1725,元禎,化學工業,609084,619152,687235,-1.626095046,-11.37180149,7996646,8389157,-4.678789537,-
1150117,11412,1726,永記,化學工業,857851,815657,961399,5.173007772,-10.77055416,9783831,9525927,2.707390052,-
1150117,11412,1727,中華化,化學工業,159463,173051,127489,-7.852020503,25.07981081,1969278,2083083,-5.46329647,-
1150117,11412,1730,花仙子,化學工業,183864,203121,179159,-9.480555925,2.626158887,2411709,2525253,-4.496341555,-
1150117,11412,1731,美吾華,生技醫療業,145647,134627,126969,8.185579416,14.71067741,1584065,1485873,6.608370971,本月美吾髮及醫藥事業部出貨暢旺， 營收較去年同期大幅成長近15%
1150117,11412,1732,毛寶,化學工業,54863,56315,56746,-2.578353902,-3.318295563,676902,592430,14.25856219,-
1150117,11412,1733,五鼎,生技醫療業,142998,140491,170538,1.784455944,-16.1488935,1944907,1852211,5.004613405,-
1150117,11412,1734,杏輝,生技醫療業,322467,281322,291303,14.62558918,10.69813905,3371148,3149850,7.025667889,-
1150117,11412,1735,日勝化,化學工業,203138,174677,218486,16.29350172,-7.024706389,2303489,2646091,-12.94747611,-
1150117,11412,1736,喬山,運動休閒,8803819,5759770,7612222,52.85018325,15.65373422,54399106,47785398,13.8404372,-
1150117,11412,1737,臺鹽,食品工業,285940,256887,264880,11.30964198,7.95077016,3306137,3238152,2.099499962,-
1150117,11412,1752,南光,生技醫療業,177019,152397,198074,16.15648602,-10.62986561,2162218,2199861,-1.711153568,-
1150117,11412,1760,寶齡富錦,生技醫療業,179961,232369,156646,-22.55378299,14.8838783,2063392,2029645,1.662704562,-
1150117,11412,1762,中化生,生技醫療業,57917,41954,105604,38.04881537,-45.15643347,804878,1347375,-40.26325262,-
1150117,11412,1773,勝一,化學工業,964751,1049149,955862,-8.044424576,0.929945955,11500542,11056944,4.01194037,-
1150117,11412,1776,展宇,化學工業,98570,80258,108616,22.81641705,-9.249097739,1032588,1225509,-15.74211205,-
1150117,11412,1783,和康生,生技醫療業,92879,68400,69790,35.7880117,33.08353632,811564,680651,19.23349852,-
1150117,11412,1786,科妍,生技醫療業,94213,80166,93101,17.52239104,1.194401779,886622,883310,0.374953301,-
1150117,11412,1789,神隆,生技醫療業,488272,209083,595138,133.5302248,-17.95650757,3163422,3406284,-7.129822411,-
1150117,11412,1795,美時,生技醫療業,2442093,1058771,1463301,130.6535596,66.88931396,20501303,18584227,10.31560796,主要係本月份併購取得NAGH，受惠於其營收挹注所致
1150117,11412,1802,台玻,玻璃陶瓷,3741234,3606375,3996704,3.73946137,-6.392017022,41607019,42476280,-2.046462167,-
1150117,11412,1805,寶徠,建材營造,187429,114,200285,164311.4035,-6.418853134,285015,625463,-54.43135725,本月營收主要係認列璞園樸園案收入，去年累計收入較高，主要係認列松雍案收入較高所致。
1150117,11412,1806,冠軍,玻璃陶瓷,179295,242570,282323,-26.08525374,-36.49295311,3257464,3452172,-5.640159297,-
1150117,11412,1808,潤隆,建材營造,4053644,2336221,66624,73.51286544,5984.35999,6495857,8787971,-26.08240287,營收變動主要係本年度完工建案已陸續過戶交屋認列房地出售收入所致。
1150117,11412,1809,中釉,玻璃陶瓷,226330,185819,237927,21.80132279,-4.874184098,2497538,2415100,3.413440437,-
1150117,11412,1810,和成,玻璃陶瓷,410559,365491,459298,12.33080979,-10.61162905,4574126,4849739,-5.683048098,-
1150117,11412,1817,凱撒衛,玻璃陶瓷,230735,213765,297708,7.93862419,-22.49620433,2618295,2790325,-6.165231649,-
1150117,11412,1903,士紙,造紙工業,13321,12830,13529,3.826968044,-1.537438096,153293,155927,-1.689252022,-
1150117,11412,1904,正隆,造紙工業,3916083,3648804,4530153,7.325112557,-13.55517132,42980344,45177687,-4.863779325,-
1150117,11412,1905,華紙,造紙工業,1665433,1484755,1847061,12.16887635,-9.83335147,18766991,20767530,-9.633013652,-
1150117,11412,1906,寶隆,造紙工業,291461,222378,174345,31.06557303,67.17485446,3111558,3211527,-3.112818295,代理銷售工業用紙之噸數增加
1150117,11412,1907,永豐餘,造紙工業,6673325,5968573,7313325,11.8077135,-8.751149443,73637975,78413055,-6.08964923,-
1150117,11412,1909,榮成,造紙工業,3662017,4331934,4237850,-15.46461696,-13.58785705,44719941,47864739,-6.570176848,-
1150117,11412,2002,中鋼,鋼鐵工業,25543419,25367720,29632223,0.692608559,-13.79850577,317155264,360535714,-12.03221992,-
1150117,11412,2006,東和鋼鐵,鋼鐵工業,5050463,4185671,5570853,20.66077339,-9.341298361,57996012,60199223,-3.659866175,-
1150117,11412,2007,燁興,鋼鐵工業,350746,337591,511099,3.896727105,-31.37415647,5283229,6899956,-23.4309755,-
1150117,11412,2008,高興昌,鋼鐵工業,122448,101591,142348,20.53036194,-13.97982409,1818497,1458367,24.69405849,-
1150117,11412,2009,第一銅,鋼鐵工業,249638,226480,243767,10.22518545,2.408447411,2905229,3128075,-7.124061923,-
1150117,11412,2010,春源,鋼鐵工業,1931700,2059255,2144532,-6.194230438,-9.924403087,24243058,23976020,1.113771176,-
1150117,11412,2012,春雨,鋼鐵工業,611219,650924,798220,-6.099790452,-23.42725063,8307669,9162134,-9.32604784,-
1150117,11412,2013,中鋼構,鋼鐵工業,1850099,1750902,1993880,5.66547985,-7.211116015,20948280,19695058,6.363129268,-
1150117,11412,2014,中鴻,鋼鐵工業,1299547,1178501,2191312,10.27118348,-40.69548289,19021554,30461521,-37.55546875,-
1150117,11412,2015,豐興,鋼鐵工業,2515367,1946298,3337151,29.23853387,-24.62531662,29035854,34379324,-15.5426849,-
1150117,11412,2017,官田鋼,鋼鐵工業,200836,193205,229069,3.949690743,-12.32510728,2734198,3281157,-16.66969913,-
1150117,11412,2020,美亞,鋼鐵工業,372889,344375,361701,8.279927405,3.093162585,4743531,5241780,-9.505339789,-
1150117,11412,2022,聚亨,鋼鐵工業,880971,807475,682000,9.101953621,29.17463343,9337371,7870033,18.64462322,-
1150117,11412,2023,燁輝,鋼鐵工業,5078774,4376372,6132182,16.04986962,-17.17835511,67539239,73967398,-8.690530117,-
1150117,11412,2024,志聯,鋼鐵工業,89675,73694,99304,21.68561891,-9.696487553,988898,1096748,-9.833617203,-
1150117,11412,2025,千興,鋼鐵工業,92957,89136,123661,4.286707952,-24.82917007,818724,1058326,-22.63971593,-
1150117,11412,2027,大成鋼,鋼鐵工業,7872715,7339677,6422712,7.262417679,22.57617966,101882507,90305234,12.82015725,-
1150117,11412,2028,威致,鋼鐵工業,778755,610332,757178,27.59530878,2.849660186,8513536,10196132,-16.50229715,-
1150117,11412,2029,盛餘,鋼鐵工業,849066,1031157,1400554,-17.6589016,-39.37641819,13270890,13690701,-3.066395212,-
1150117,11412,2030,彰源,鋼鐵工業,996840,689823,1085896,44.50663431,-8.201153702,10149308,12398284,-18.13941349,-
1150117,11412,2031,新光鋼,鋼鐵工業,1209913,987496,1698183,22.52333174,-28.75249605,16798094,14592240,15.11662363,-
1150117,11412,2032,新鋼,鋼鐵工業,265123,219586,267245,20.73766087,-0.794027952,3041337,2968738,2.445449885,-
1150117,11412,2033,佳大,鋼鐵工業,65690,51467,53688,27.63518371,22.35508866,702735,577650,21.65411581,-
1150117,11412,2034,允強,鋼鐵工業,979667,893556,1329348,9.636889014,-26.30469975,12543218,14522266,-13.62768042,-
1150117,11412,2038,海光,鋼鐵工業,874822,657898,1085738,32.97228446,-19.42604938,8923105,9724332,-8.239404002,-
1150117,11412,2049,上銀,電機機械,2219675,2182233,2062456,1.715765457,7.622902016,24262638,24391684,-0.529057362,-
1150117,11412,2059,川湖,電子零組件業,1722455,1659348,1122385,3.803120262,53.46382926,17500654,10129301,72.77257335,新產品開始出貨，導致年對年營收增幅較大。
1150117,11412,2062,橋椿,居家生活,616555,522779,700395,17.93798144,-11.97038814,6288346,7572412,-16.95715975,-
1150117,11412,2069,運錩,鋼鐵工業,934116,661725,1034168,41.16377649,-9.674637003,10093068,10714847,-5.802966669,-
1150117,11412,2101,南港,橡膠工業,710150,491970,680009,44.34823262,4.432441335,8431989,15223520,-44.61209366,本公告係屬自結數，如與公告財報有所差異，請以財報為準，另113.9月新增子公司-南榮營建收入62億元。
1150117,11412,2102,泰豐,橡膠工業,21407,26130,17968,-18.07500957,19.13958148,265852,266056,-0.076675587,-
1150117,11412,2103,台橡,橡膠工業,2682522,2872802,3063377,-6.623498591,-12.43252136,36472948,37208664,-1.97727067,-
1150117,11412,2104,國際中橡,橡膠工業,950432,1093784,1149535,-13.10606116,-17.32030778,15334281,17328054,-11.50604101,"以上營收不包含停業部門營收:114年12月0仟元暨113年12月10,915仟元；114年1~12月71仟元暨113年1~12月733,889仟元。"
1150117,11412,2105,正新,橡膠工業,7163003,6941292,7671239,3.194088363,-6.625213997,90754520,96577705,-6.029533421,無。
1150117,11412,2106,建大,橡膠工業,2552894,2661626,2569891,-4.085171996,-0.661389919,33956369,34183404,-0.664167325,-
1150117,11412,2107,厚生,橡膠工業,121668,219680,153891,-44.61580481,-20.93884633,1444632,1482389,-2.547037249,-
1150117,11412,2108,南帝,橡膠工業,835986,726125,1011577,15.12976416,-17.35814476,9546429,11364286,-15.99622713,-
1150117,11412,2109,華豐,橡膠工業,366590,391117,447614,-6.271013533,-18.1013105,4490052,4908970,-8.533724997,-
1150117,11412,2114,鑫永銓,橡膠工業,150570,145854,137854,3.233370357,9.224251745,1595880,1466396,8.830084097,-
1150117,11412,2115,六暉-KY,汽車工業,254917,261671,252331,-2.581103752,1.024844351,2978759,3126341,-4.720598297,-
1150117,11412,2201,裕隆,汽車工業,6467908,6231486,7774725,3.793990711,-16.80853021,72875567,85818805,-15.0820534,-
1150117,11412,2204,中華,汽車工業,2964701,2702082,2424078,9.719135097,22.3022114,32092167,39243196,-18.22234101,-
1150117,11412,2206,三陽工業,汽車工業,4883450,4704015,5056210,3.814507394,-3.416788464,62646107,65659034,-4.588747072,-
1150117,11412,2207,和泰車,汽車工業,21770752,22765586,23302478,-4.369902888,-6.573232255,276590447,275768195,0.298167814,-
1150117,11412,2208,台船,航運業,1704354,1053830,993568,61.72950096,71.53873716,21780245,14494347,50.26716968,累計及單月營收變動主係造艦業務營收增加所致。
1150117,11412,2211,長榮鋼,鋼鐵工業,1170356,1192900,1213708,-1.889848269,-3.571864073,15313391,12917338,18.54912367,-
1150117,11412,2227,裕日車,汽車工業,839399,1289049,1035383,-34.88230471,-18.92864766,15132072,23132015,-34.58385705,-
1150117,11412,2228,劍麟,汽車工業,394061,382259,388568,3.087435482,1.413652179,4955344,5062426,-2.115230919,營業收入係以合併營業收入申報
1150117,11412,2231,為升,汽車工業,444139,292278,447894,51.95772518,-0.838368007,3660569,4668006,-21.58174175,-
1150117,11412,2233,宇隆,汽車工業,256745,247395,279006,3.779381152,-7.978681462,3274939,3658705,-10.48912115,-
1150117,11412,2236,百達-KY,汽車工業,681291,835895,224739,-18.49562445,203.1476513,9347542,1782271,424.4736631,本月因新增Broadway Industrial Group Limited 致營收增加
1150117,11412,2239,英利-KY,汽車工業,2143032,1684130,2106320,27.24860907,1.742945042,19163513,21443195,-10.63126087,-
1150117,11412,2241,艾姆勒,汽車工業,102285,97097,60905,5.343110498,67.94187669,782984,692911,12.99921635,係客戶需求增加
1150117,11412,2243,宏旭-KY,汽車工業,349070,183752,471604,89.96800035,-25.98239201,1739108,1911540,-9.020580265,本月認列合約收入金額較去年同期減少
1150117,11412,2247,汎德永業,汽車工業,3879907,3932871,4329993,-1.346700667,-10.39461265,51448216,57639595,-10.741538,-
1150117,11412,2248,華勝-KY,汽車工業,248587,222885,210232,11.53150728,18.24413029,2064522,2075263,-0.517572953,本月營收創下歷史單月新高之表現，主要受惠於車廠進入年底銷售旺季與能源車新項目量產拉動所致。
1150117,11412,2250,IKKA-KY,汽車工業,288529,248116,297884,16.28794596,-3.140484215,3366378,3654068,-7.873143029,-
1150117,11412,2254,巨鎧精密-創,汽車工業,20425,19133,64546,6.752730884,-68.35590122,477758,632839,-24.50560095,本&#12105;營收較去年同期營收減少，係因客&#12094;訂單減少所致。
1150117,11412,2258,鴻華先進-創,汽車工業,192052,267457,314778,-28.19331706,-38.98811226,4146473,8520611,-51.3359664,本年乘用車較去年下滑，電動巴士較去年上升。
1150117,11412,2301,光寶科,電腦及週邊設備業,14907047,14246280,13387348,4.638172211,11.3517554,166088390,137124198,21.12259719,-
1150117,11412,2302,麗正,半導體業,77251,59737,67042,29.31851281,15.22776767,845778,757460,11.65975761,-
1150117,11412,2303,聯電,半導體業,19280724,21233847,18965818,-9.198158958,1.660387124,237553199,232302584,2.260248211,-
1150117,11412,2305,全友,電腦及週邊設備業,85325,67343,72076,26.70210712,18.38198568,746385,717115,4.081632653,-
1150117,11412,2308,台達電,電子零組件業,53686145,50543404,38738552,6.217905308,38.58583305,554885168,421147557,31.7555234,-
1150117,11412,2312,金寶,其他電子業,13513048,13561772,13078915,-0.359274584,3.319334975,163161508,164694082,-0.930558027,-
1150117,11412,2313,華通,電子零組件業,7228195,6746921,6391329,7.133238999,13.09377126,75995687,72464408,4.873121988,-
1150117,11412,2314,台揚,通信網路業,124968,208339,124310,-40.01699154,0.529321857,1678104,1669990,0.485871173,-
1150117,11412,2316,楠梓電,電子零組件業,382839,382976,307719,-0.035772477,24.41188227,3746993,3332082,12.45200448,-
1150117,11412,2317,鴻海,其他電子業,862861362,844275843,654825418,2.201356246,31.76968063,8099810618,6859887796,18.07497234,-
1150117,11412,2321,東訊,通信網路業,48312,65643,58038,-26.40190119,-16.75798615,732508,631414,16.01073147,-
1150117,11412,2323,中環,光電業,609857,670466,614318,-9.039831997,-0.726171136,7183276,7435182,-3.388027354,無
1150117,11412,2324,仁寶,電腦及週邊設備業,65964416,62968012,64056727,4.758612992,2.978124374,757513030,910272717,-16.78174949,無
1150117,11412,2327,國巨*,電子零組件業,12350934,12264829,9519583,0.702048108,29.74238472,132930016,121667212,9.257057686,-
1150117,11412,2328,廣宇,電子零組件業,1782094,1607839,2101466,10.83783886,-15.19758112,21792766,21845109,-0.239609699,-
1150117,11412,2329,華泰,半導體業,1730924,1705637,1409754,1.482554612,22.78198891,19683311,16277445,20.92383663,-
1150117,11412,2330,台積電,半導體業,335003568,343613802,278163107,-2.50578817,20.43421991,3809054272,2894307699,31.60502158,-
1150117,11412,2331,精英,電腦及週邊設備業,1936564,2061164,1770915,-6.045127899,9.353865092,20112114,17495705,14.95457885,-
1150117,11412,2332,友訊,通信網路業,1200194,1093835,1152825,9.723495774,4.108949754,13368152,14395043,-7.133643158,-
1150117,11412,2337,旺宏,半導體業,2632336,2444318,1816214,7.692043343,44.93534352,28879986,25883475,11.57692698,-
1150117,11412,2338,光罩,半導體業,477467,458903,652232,4.045299333,-26.79491347,6038070,7561749,-20.14982248,-
1150117,11412,2340,台亞,半導體業,323811,364225,368464,-11.09588853,-12.11868731,4326285,4299897,0.613689119,-
1150117,11412,2342,茂矽,半導體業,140998,139843,177739,0.825926217,-20.67132143,2037211,1893958,7.563684094,-
1150117,11412,2344,華邦電,半導體業,9770303,8629567,6372253,13.21892512,53.32572326,89406171,81609768,9.553271858,受市場供需影響
1150117,11412,2345,智邦,通信網路業,26052581,22554331,15540247,15.51032482,67.64586174,248273462,110424744,124.8349899,客戶需求增加
1150117,11412,2347,聯強,電子通路業,47025612,41407448,41309171,13.56800351,13.83818862,410634071,425929323,-3.591030524,本月營收係當月自結數，前期調整數反應在本年累計營收內
1150117,11412,2348,海悅,其他,824432,845990,455214,-2.548257072,81.10866537,7396367,10041358,-26.34096902,本月增減百分比達50％以上，係因新代銷個案於本月認列收入
1150117,11412,2349,錸德,光電業,529126,634541,561211,-16.61279571,-5.717101055,7497618,7184795,4.353958603,-
1150117,11412,2351,順德,半導體業,897346,878426,958482,2.153852459,-6.378419209,10245031,10814709,-5.267622088,-
1150117,11412,2352,佳世達,電腦及週邊設備業,19028005,16343505,18862326,16.42548523,0.878359329,208203505,201666199,3.241646856,-
1150117,11412,2353,宏碁,電腦及週邊設備業,28539992,24601210,24527331,16.01052143,16.3599578,275642096,264682407,4.140694172,-
1150117,11412,2354,鴻準,其他電子業,13850757,13830042,15147429,0.149782625,-8.560343805,156172298,75728024,106.2278794,配合客戶策略需求，訂單增加。
1150117,11412,2355,敬鵬,電子零組件業,1324782,1242743,1230252,6.601445351,7.683791613,15752865,16355210,-3.682893708,-
1150117,11412,2356,英業達,電腦及週邊設備業,64350236,52156348,72263615,23.37948968,-10.95071012,691169488,646286449,6.944759413,-
1150117,11412,2357,華碩,電腦及週邊設備業,69711805,66884631,48535693,4.226941164,43.62997763,738907760,587087097,25.85998973,-
1150117,11412,2359,所羅門,其他電子業,330461,349257,280242,-5.381710316,17.91986926,4243585,3486603,21.71116126,-
1150117,11412,2360,致茂,其他電子業,3646677,2557935,2289311,42.56331768,59.29146368,28310935,21603837,31.04586468,營運動能持續強勁，營收優於預期
1150117,11412,2362,藍天,電腦及週邊設備業,1588036,1813251,2067966,-12.4205088,-23.20782837,20396674,26582643,-23.27070713,-
1150117,11412,2363,矽統,半導體業,255412,241985,98419,5.548691035,159.5149311,2821137,738560,281.9780383,113年9月1日及114年1月1日起分別新增合併個體聯暻半導體(山東)有限公司與紘康科技(股)公司營收
1150117,11412,2364,倫飛,電腦及週邊設備業,90366,122703,109802,-26.35387888,-17.70095262,1508502,1249014,20.77542766,-
1150117,11412,2365,昆盈,電腦及週邊設備業,107961,77003,89812,40.20362843,20.20776734,959364,978816,-1.987298941,-
1150117,11412,2367,燿華,電子零組件業,1291761,1042226,1520056,23.94250383,-15.01885457,16246291,18531998,-12.3338401,-
1150117,11412,2368,金像電,電子零組件業,5246301,5453347,3584929,-3.796677527,46.34323302,59728210,38779794,54.01889448,接單量增加
1150117,11412,2369,菱生,半導體業,574899,497154,420354,15.63801156,36.76544056,5557974,5372560,3.451129443,-
1150117,11412,2371,大同,電機機械,4803047,4840930,4282925,-0.782556244,12.14408377,50374065,47477032,6.101967368,-
1150117,11412,2373,震旦行,其他電子業,947607,867018,982699,9.294962734,-3.570981552,10729924,11292746,-4.983925079,-
1150117,11412,2374,佳能,光電業,1147126,1032882,550760,11.060702,108.2805578,9908160,6182894,60.25117041,配合客戶，調整市場出貨需求，故今年十二月營收增加
1150117,11412,2375,凱美,電子零組件業,474505,461295,433852,2.863677256,9.370246075,5545491,5263968,5.348113818,-
1150117,11412,2376,技嘉,電腦及週邊設備業,30306210,30729748,17597178,-1.378267079,72.22198923,336935546,265131640,27.08236029,AI訂單需求暢旺，PC產品需求回溫
1150117,11412,2377,微星,電腦及週邊設備業,16864668,20118435,12593345,-16.17306217,33.91730315,230196287,197871750,16.33610508,-
1150117,11412,2379,瑞昱,半導體業,8332875,8882406,8675245,-6.186735891,-3.946516784,122706372,113393698,8.212690973,無
1150117,11412,2380,虹光,電腦及週邊設備業,308989,278331,184680,11.01494264,67.310483,2929194,2547627,14.97734951,本月營收相較去年同期增長約67%，主因係市場需求增加和產品創新與升級所致。
1150117,11412,2382,廣達,電腦及週邊設備業,272494820,192946811,140066068,41.22794701,94.54734747,2123689447,1410755659,50.53559654,產品組合變更
1150117,11412,2383,台光電,電子零組件業,8704662,8129128,6410246,7.079898361,35.79294773,94241987,64378899,46.38645342,-
1150117,11412,2385,群光,電子零組件業,7910554,7734551,8316694,2.275542562,-4.883430844,95660609,101478259,-5.732902848,-
1150117,11412,2387,精元,電腦及週邊設備業,1543198,1402595,1903041,10.02449032,-18.90884117,18872638,23344725,-19.15673455,-
1150117,11412,2388,威盛,半導體業,996987,788873,1566252,26.38117923,-36.34568384,9547096,15910686,-39.99569849,-
1150117,11412,2390,云辰,其他電子業,65802,52034,72744,26.45962255,-9.543055097,679145,701507,-3.187708747,-
1150117,11412,2392,正崴,電子零組件業,7811576,7280472,10861425,7.294911649,-28.07963964,94460662,98686632,-4.282211191,-
1150117,11412,2393,億光,光電業,1602240,1563296,1595748,2.49114691,0.406831154,19637372,20968478,-6.348128844,-
1150117,11412,2395,研華,電腦及週邊設備業,5985095,5919999,5374891,1.09959478,11.35286278,70882362,59786293,18.55955344,-
1150117,11412,2397,友通,電腦及週邊設備業,1011228,908732,995905,11.27901295,1.538600569,11161203,9583892,16.45793797,-
1150117,11412,2399,映泰,電腦及週邊設備業,131573,106807,150803,23.18761879,-12.75173571,1734165,2018684,-14.09428122,-
1150117,11412,2401,凌陽,半導體業,535296,485177,510723,10.3300445,4.811414407,6303139,6434086,-2.035207487,-
1150117,11412,2402,毅嘉,電子零組件業,912232,871529,791757,4.670297833,15.21615849,10848975,9529301,13.84859183,-
1150117,11412,2404,漢唐,其他電子業,7279091,6994229,5151020,4.072814888,41.31358449,66077918,47421600,39.34139295,-
1150117,11412,2405,輔信,電腦及週邊設備業,137494,173185,124294,-20.60859774,10.61998166,1741595,1667045,4.471984859,-
1150117,11412,2406,國碩,光電業,928081,806128,322017,15.12824266,188.2086971,6365026,6910970,-7.89967255,主要係因子公司太陽能導電漿產品、AI伺服器液冷管接件及其零組件之加工與測試服務銷量增加所致。
1150117,11412,2408,南亞科,半導體業,12017152,10168737,2205528,18.17742951,444.8650845,66586520,34131667,95.08721915,受市場需求復甦影響。
1150117,11412,2409,友達,光電業,25189520,24036310,24593946,4.797783021,2.421628477,281387743,280277683,0.39605722,-
1150117,11412,2412,中華電,通信網路業,23264555,21453973,24951105,8.439378571,-6.759420074,236114409,229968292,2.672593229,-
1150117,11412,2413,環科,電子零組件業,305682,287477,292642,6.332680527,4.455956425,3344759,3231025,3.520059424,-
1150117,11412,2414,精技,電子通路業,2226189,2303741,2070594,-3.366350644,7.514510329,28401975,24034990,18.16928153,-
1150117,11412,2415,錩新,電子零組件業,220323,200311,186058,9.990464827,18.41630029,2363433,2287948,3.299244563,-
1150117,11412,2417,圓剛,電腦及週邊設備業,370628,268945,259559,37.80810203,42.791427,3371647,3268790,3.146638359,-
1150117,11412,2419,仲琦,通信網路業,1297334,697763,1159949,85.92760006,11.84405521,8880244,9088215,-2.288359155,-
1150117,11412,2420,新巨,電子零組件業,184917,168971,176699,9.437122346,4.65084692,2170992,2237868,-2.988380012,-
1150117,11412,2421,建準,電子零組件業,1790708,1533763,1376599,16.75258824,30.08203551,18677810,14623817,27.72185265,-
1150117,11412,2423,固緯,其他電子業,316000,276576,317115,14.25430985,-0.351607461,2943233,2782620,5.772006239,-
1150117,11412,2424,隴華,通信網路業,32147,5631,53757,470.8932694,-40.19941589,186421,139842,33.30830509,-
1150117,11412,2425,承啟,電腦及週邊設備業,1001646,796035,791080,25.82939192,26.61753552,8586534,5936690,44.63504074,-
1150117,11412,2426,鼎元,光電業,175360,172709,181711,1.534951855,-3.495110368,2335859,2394131,-2.433952027,-
1150117,11412,2427,三商電,資訊服務業,838932,360325,854631,132.8264761,-1.836933133,6527781,4873350,33.94853643,-
1150117,11412,2428,興勤,電子零組件業,742848,663297,770123,11.99326998,-3.541642049,8037677,7519451,6.89180633,-
1150117,11412,2429,銘旺科,光電業,64789,56408,38536,14.85782159,68.12590824,490344,307957,59.22482684,本年累計營收較去年累計增加主要係面板出貨量增加及綠能事業開始貢獻營收所致。
1150117,11412,2430,燦坤,電子通路業,1383263,1439174,1517294,-3.884936776,-8.833555,17676935,18985720,-6.893523132,-
1150117,11412,2431,聯昌,電子零組件業,25655,18233,28532,40.70641145,-10.08341511,375087,403762,-7.101956103,-
1150117,11412,2432,倚天酷碁-創,電腦及週邊設備業,409254,292293,327339,40.01498496,25.02451587,3273212,2605483,25.62783944,-
1150117,11412,2433,互盛電,其他電子業,236420,229228,244391,3.137487567,-3.261576736,2718776,2759859,-1.48859054,-
1150117,11412,2434,統懋,半導體業,4048,2935,4253,37.92163543,-4.820126969,45551,50713,-10.1788496,-
1150117,11412,2436,偉詮電,半導體業,301383,344074,271917,-12.40750536,10.83639493,3568640,3094619,15.31758837,-
1150117,11412,2438,翔耀,光電業,58557,33194,56595,76.40838706,3.466737344,447794,388172,15.35968591,-
1150117,11412,2439,美律,通信網路業,4256847,4969265,3886010,-14.33648638,9.542873024,46392380,43853818,5.788690964,-
1150117,11412,2440,太空梭,電子零組件業,328859,309738,393933,6.173281935,-16.51905273,3506151,3983100,-11.97431649,-
1150117,11412,2441,超豐,半導體業,1392572,1429112,1342477,-2.556832495,3.731535065,16764213,15213240,10.19488945,-
1150117,11412,2442,新美齊,建材營造,9883855,25086,463597,39299.8844,2031.992873,10736506,1094429,881.014392,本年累計營收較去年同期增加，主係本期營建專案交屋認列收入增加所致。
1150117,11412,2444,兆勁,通信網路業,134383,53487,102410,151.2442276,31.22058393,1136112,1392925,-18.4369582,-
1150117,11412,2449,京元電子,半導體業,3254264,3292565,2446149,-1.163257217,33.03621325,34933546,26856031,30.07709888,"以上營收不含停業部門營收:114年12月0仟元暨113年12月834,357仟元;114年1~12月985,800仟元暨113年1~12月9,936,530仟元。"
1150117,11412,2450,神腦,通信網路業,2948067,3679894,2517876,-19.8871761,17.08547204,33124781,32307092,2.530989171,-
1150117,11412,2451,創見,半導體業,3057663,2022848,894111,51.15633997,241.9780094,17125453,10083525,69.83597502,本月營收較去年同期增加主係市場價格上漲所致
1150117,11412,2453,凌群,資訊服務業,994190,774675,934134,28.33639914,6.429056217,7432840,6932729,7.2137682,-
1150117,11412,2454,聯發科,半導體業,51266079,46895680,41683430,9.319406393,22.98910862,595965682,530585886,12.32218906,海外子公司之營收係以當月平均匯率換算之
1150117,11412,2455,全新,通信網路業,319238,285178,248868,11.9434178,28.27603388,3380143,3241217,4.286229524,-
1150117,11412,2457,飛宏,電子零組件業,804642,756391,1153905,6.37910816,-30.26791634,9795567,10897729,-10.11368515,-
1150117,11412,2458,義隆,半導體業,916528,946301,971459,-3.146250506,-5.654484646,12326352,12695862,-2.91047587,-
1150117,11412,2459,敦吉,其他電子業,450751,457922,382671,-1.565987221,17.7907393,4908087,5168773,-5.043479371,-
1150117,11412,2460,建通,電子零組件業,371496,331041,324310,12.22054066,14.54965928,3171773,3188136,-0.513246612,-
1150117,11412,2461,光群雷,其他電子業,529024,393678,492116,34.37987391,7.499857757,5262759,5502593,-4.358563317,-
1150117,11412,2462,良得電,電子零組件業,307171,304491,364334,0.880157377,-15.68972426,4062102,4074594,-0.306582693,-
1150117,11412,2464,盟立,其他電子業,563987,560953,717591,0.540865277,-21.40550815,6680963,7502801,-10.95374914,-
1150117,11412,2465,麗臺,電腦及週邊設備業,360721,307434,938899,17.33282591,-61.58042558,4457987,4295808,3.775285115,本月營收較去年同期減少61.58%，主係受中美貿易及中國市場之人工智能應用相關產品需求不如預期。
1150117,11412,2466,冠西電,光電業,31312,46981,58828,-33.35178051,-46.7736452,947295,1105675,-14.32428155,-
1150117,11412,2467,志聖,電子零組件業,603666,582375,433661,3.655891822,39.20228012,6102155,4818604,26.6374037,-
1150117,11412,2468,華經,資訊服務業,268467,196381,299395,36.70721709,-10.33016583,2694203,2246252,19.94215253,-
1150117,11412,2471,資通,資訊服務業,145837,86828,114035,67.96079606,27.88792914,1000141,877673,13.95371625,-
1150117,11412,2472,立隆電,電子零組件業,1019580,1006922,927651,1.257098365,9.909869121,11292384,10486953,7.680314768,-
1150117,11412,2474,可成,其他電子業,1387260,1521828,1871219,-8.842523597,-25.86330087,18658836,18084188,3.177626775,-
1150117,11412,2476,鉅祥,電子零組件業,727596,662270,577568,9.863952769,25.97581583,7446012,6609469,12.65673536,-
1150117,11412,2477,美隆電,其他電子業,215094,205909,200583,4.460708371,7.23441169,2498658,2639478,-5.335145813,-
1150117,11412,2478,大毅,電子零組件業,469644,449444,452017,4.494442022,3.899632093,5442929,5027369,8.265953822,-
1150117,11412,2480,敦陽科,資訊服務業,872928,613801,901378,42.2167771,-3.156278498,8394371,7536746,11.37924775,-
1150117,11412,2481,強茂,半導體業,1134614,1193144,1015402,-4.90552691,11.74037475,13095726,12533876,4.482651655,-
1150117,11412,2482,連宇,其他電子業,37964,35710,36190,6.311957435,4.901906604,495506,595992,-16.86029343,-
1150117,11412,2483,百容,電子零組件業,158761,138897,156656,14.30124481,1.343708508,1761575,1806366,-2.479619302,-
1150117,11412,2484,希華,電子零組件業,175985,185110,175602,-4.929501378,0.218106855,2409851,2189460,10.06599801,-
1150117,11412,2485,兆赫,通信網路業,328440,218056,143436,50.62185861,128.9801723,2609069,2610482,-0.054127935,因客戶端產品驗證通過，正式進入量產與備貨階段，帶動出貨量顯著提升，致使本月營收較去年同期大幅成長。
1150117,11412,2486,一詮,光電業,525962,514597,475994,2.20852434,10.49761131,6046419,5492378,10.0874521,-
1150117,11412,2488,漢平,其他電子業,244665,260419,388035,-6.049481797,-36.94769802,2882427,3177581,-9.288638118,-
1150117,11412,2489,瑞軒,光電業,1859646,1918575,1951178,-3.071498378,-4.691114803,24624755,23256868,5.88164752,-
1150117,11412,2491,吉祥全,光電業,19216,15193,16818,26.47929968,14.25853252,179873,200827,-10.43385601,-
1150117,11412,2492,華新科,電子零組件業,2876480,3045857,2685318,-5.560897967,7.118784442,36464880,34732643,4.987345766,-
1150117,11412,2493,揚博,電子零組件業,352152,314091,315567,12.11782573,11.59341756,3767706,3659666,2.952181975,-
1150117,11412,2495,普安,電腦及週邊設備業,121327,112731,130017,7.625231746,-6.683741357,1176124,1319852,-10.88970582,-
1150117,11412,2496,卓越,其他,78268,75598,73638,3.531839467,6.287514598,870822,835832,4.186247954,-
1150117,11412,2497,怡利電,汽車工業,357425,409737,451406,-12.76721409,-20.81961693,4467308,4623396,-3.376046525,-
1150117,11412,2498,宏達電,通信網路業,291916,298227,395656,-2.116173251,-26.21974645,2900662,3080984,-5.852740553,-
1150117,11412,2501,國建,建材營造,5027215,1724868,6439524,191.4550563,-21.93188503,24289243,23858735,1.804404131,-
1150117,11412,2504,國產,建材營造,2079336,1888787,2057681,10.08843242,1.052398307,22532724,21718631,3.748362408,-
1150117,11412,2505,國揚,建材營造,1730050,70616,65583,2349.940523,2537.954958,4361531,607691,617.7218356,"本年度營建收入4,353,877仟元，租賃收入7,654仟元。"
1150117,11412,2506,太設,建材營造,76708,67769,68846,13.19039679,11.41969032,1139618,1441544,-20.94462604,-
1150117,11412,2509,全坤建,建材營造,20613,28870,22265,-28.60062348,-7.419717045,264298,1422093,-81.41485824,"本年累計營收較去年同期減少,主要係認列租金所致."
1150117,11412,2511,太子,建材營造,2097330,600192,1163612,249.4431782,80.24307071,9343386,8476882,10.22196605,本月營收增加80.24%，主係重要子公司大成工程工程承攬營收本月增加所致。
1150117,11412,2514,龍邦,其他,1960862,1801612,1804916,8.839306133,8.640069676,21612884,24894359,-13.1816007,-
1150117,11412,2515,中工,建材營造,3041595,1369206,2946668,122.1429792,3.221503067,20718434,23846587,-13.11782269,-
1150117,11412,2516,新建,建材營造,1223180,804309,1396622,52.07836789,-12.41867878,10342982,9625473,7.454272637,-
1150117,11412,2520,冠德,建材營造,2611693,1839675,1821572,41.96491228,43.37577653,22873784,28677524,-20.23793965,-
1150117,11412,2524,京城,建材營造,153442,125379,1896819,22.38253615,-91.91056184,3675062,9283297,-60.41210359,因銷售狀況比較去年同期減少，致使本月及累計營收負成長率為較高。
1150117,11412,2527,宏璟,建材營造,38122,127139,55695,-70.01549485,-31.55220397,659036,7265175,-90.92883516,"本年累計營收較去年累計營收低,主要係因去年有大型工案銷售認列收入及房地銷售收入較高所致"
1150117,11412,2528,皇普,建材營造,99098,436304,5306007,-77.28693755,-98.13234321,12276492,5330608,130.3019093,"係114年12月認列摩天100案26,116仟元、莊園案65,000仟元、共同投資-竹北翰林段7,813仟元、租賃收入159仟元及其他收入10仟元所致"
1150117,11412,2530,華建,建材營造,64692,20635,1190330,213.5061788,-94.56520461,6339127,6095261,4.000911528,"本年度出售房地收入較去年度增加242,292仟元,本年度租金收入較去年度同期增加1,574仟元."
1150117,11412,2534,宏盛,建材營造,110533,83456,939419,32.44464149,-88.23389776,4741072,2093016,126.5186697,"去年12月預售案開始交屋至今年7月止,致本月營收低於去年同期,今年累計營收高於去年同期累計"
1150117,11412,2535,達欣工,建材營造,2419288,1717398,1283247,40.86938496,88.52863089,22072399,14690193,50.25261411,本公司114年12月單月及累計營收較去年同期變動增加50%以上，係因部分廠房工程投入較多及子公司交屋認列營建收入所致。
1150117,11412,2536,宏普,建材營造,1203559,2137262,1805072,-43.68687601,-33.3234907,10460323,2449455,327.0469553,今年本期預售完工交屋及租金收入
1150117,11412,2537,聯上發,建材營造,657517,416,536562,157956.9712,22.54259526,1255647,2213711,-43.27863935,本月營收較去年增加，係今年同期認列新北市房地出售收入較高所致。
1150117,11412,2538,基泰,建材營造,35056,30287,87723,15.74602965,-60.0378464,298656,984230,-69.65587312,本公司累計營收較去年同期減少，係因去年有建案交屋認列所致。
1150117,11412,2539,櫻花建,建材營造,3040562,162105,1084950,1775.674409,180.2490437,14003249,9018617,55.27046996,無異常。本月有「櫻花旭」、「櫻花知築」、「櫻花市鎮之櫻」建案陸續過戶中。
1150117,11412,2540,愛山林,建材營造,729419,579797,1214054,25.80592863,-39.91873508,11304195,11157824,1.311823883,本月營收減少，主係因受整體環境影響，致使營造收入減少所致。
1150117,11412,2542,興富發,建材營造,7960981,4460705,2385219,78.46912091,233.7631052,30801094,36541988,-15.71040415,本月較去年同期增加，係本期認列「福山案」及「VVS1」等新建案收入所致。
1150117,11412,2543,皇昌,建材營造,1304565,1136983,1067393,14.73918256,22.21974474,11837986,12431139,-4.771509674,-
1150117,11412,2545,皇翔,建材營造,249201,75729,596006,229.069445,-58.1881726,6076420,12392167,-50.96563821,因去年同期成屋銷售情形較本月佳所致
1150117,11412,2546,根基,建材營造,2111030,1685937,1603086,25.21405011,31.68538681,21494724,14234149,51.00814246,累月營收差異主係因在手案量規模成長及依工程全程營運進度認列所致。
1150117,11412,2547,日勝生,建材營造,979432,521739,925236,87.7245136,5.857532565,6157653,7068441,-12.88527414,-
1150117,11412,2548,華固,建材營造,372698,11561852,3189,-96.77648529,11586.98652,18238702,7212415,152.8792644,本公司截至12月累計營收較去年同期增加，係因本年度認列交 屋金額較高所致。
1150117,11412,2597,潤弘,建材營造,3493204,2822332,2499885,23.77013052,39.73458779,30970922,26127047,18.53969566,-
1150117,11412,2601,益航,貿易百貨,326248,366941,418678,-11.08979373,-22.07663168,4212483,4849318,-13.13246523,-
1150117,11412,2603,長榮,航運業,30705794,27633182,38192946,11.11928405,-19.60349432,379044084,463567897,-18.2333189,-
1150117,11412,2605,新興,航運業,492218,482236,383050,2.069940859,28.49967367,4407811,4543693,-2.990562963,-
1150117,11412,2606,裕民,航運業,1400740,1436329,1202009,-2.477774939,16.53323727,15569165,16344378,-4.742994808,-
1150117,11412,2607,榮運,航運業,1433189,1344786,1707852,6.573759691,-16.08236545,17095641,21242702,-19.52228582,-
1150117,11412,2608,嘉里大榮,航運業,1121799,1048957,1165862,6.94423127,-3.779435302,12836910,12660756,1.391338716,-
1150117,11412,2609,陽明,航運業,13239996,12713776,17248548,4.13897492,-23.23993881,163753651,222949265,-26.55115907,-
1150117,11412,2610,華航,航運業,18793728,17260159,18457092,8.885022438,1.823884283,209090310,203873651,2.558770579,-
1150117,11412,2611,志信,航運業,65602,56716,69296,15.6675365,-5.330755022,672112,687138,-2.186751424,-
1150117,11412,2612,中航,航運業,462331,405194,433391,14.10114661,6.677572908,4893463,4645665,5.333961876,-
1150117,11412,2613,中櫃,航運業,311217,271751,295631,14.52285364,5.27211287,3367572,3285815,2.488180254,-
1150117,11412,2614,東森,其他,499140,462833,524044,7.844514112,-4.75227271,5473329,5748993,-4.794996272,-
1150117,11412,2615,萬海,航運業,12079080,10855152,14322284,11.27508855,-15.6623343,140353530,161798959,-13.25436772,-
1150117,11412,2616,山隆,油電燃氣業,720422,659994,724038,9.155840811,-0.499421301,8186807,10844783,-24.50925943,-
1150117,11412,2617,台航,航運業,407100,371590,364535,9.55623133,11.6765194,4299837,4400046,-2.277453463,-
1150117,11412,2618,長榮航,航運業,20260941,18481751,20053638,9.626739371,1.033742606,220333377,221009028,-0.305711946,-
1150117,11412,2630,亞航,航運業,403309,503253,433386,-19.85959348,-6.940002677,5454110,5200056,4.885601232,-
1150117,11412,2633,台灣高鐵,航運業,4896850,4673729,4798549,4.77393961,2.048556762,54648456,53185664,2.75035017,-
1150117,11412,2634,漢翔,航運業,4582179,3157889,4197582,45.1025986,9.162346322,35452130,39338315,-9.878880171,-
1150117,11412,2636,台驊控股,航運業,1662430,1598182,2048118,4.020067802,-18.83133687,20792681,25453639,-18.31155852,-
1150117,11412,2637,慧洋-KY,航運業,1699697,1667416,1446664,1.935989579,17.49079261,16896060,20370950,-17.05806553,-
1150117,11412,2642,宅配通,航運業,296568,321160,353207,-7.657242496,-16.03563916,3802820,4051174,-6.130420466,-
1150117,11412,2645,長榮航太,航運業,1616960,1683603,1696239,-3.958355978,-4.673810707,18179185,16284500,11.63489822,-
1150117,11412,2646,星宇航空,航運業,4134393,3525191,3536699,17.28138986,16.8997701,44053262,35546851,23.93013941,-
1150117,11412,2701,萬企,觀光餐旅,21576,20905,20261,3.209758431,6.490301565,254003,289999,-12.41245659,-
1150117,11412,2702,華園,觀光餐旅,118362,111730,112746,5.93573794,4.981107977,1408854,1445164,-2.51251761,-
1150117,11412,2704,國賓,觀光餐旅,119998,109594,123967,9.493220432,-3.201658506,1357085,1302587,4.183828028,-
1150117,11412,2705,六福,觀光餐旅,220320,237055,225657,-7.059543144,-2.365093926,2272515,2310039,-1.62438816,-
1150117,11412,2706,第一店,觀光餐旅,32451,31711,31820,2.3335751,1.983029541,376915,355879,5.910997839,-
1150117,11412,2707,晶華,觀光餐旅,686277,603329,670534,13.74838604,2.347830237,6832924,6297479,8.502529345,-
1150117,11412,2712,遠雄來,觀光餐旅,29593,26800,37643,10.42164179,-21.38511808,524994,354975,47.89604902,-
1150117,11412,2722,夏都,觀光餐旅,34963,35152,37813,-0.537664998,-7.537090419,569119,631447,-9.870662146,-
1150117,11412,2723,美食-KY,觀光餐旅,1470617,1438094,1721833,2.26153506,-14.59003283,18123072,18979712,-4.513450994,-
1150117,11412,2727,王品,觀光餐旅,2112183,2005094,1966715,5.340846863,7.396496188,23366014,22166745,5.410216971,-
1150117,11412,2731,雄獅,觀光餐旅,2238268,2478688,2047173,-9.69948618,9.33457993,30027881,28106545,6.835902456,-
1150117,11412,2739,寒舍,觀光餐旅,540314,498898,538262,8.301496498,0.381226986,5169913,5033047,2.71934675,-
1150117,11412,2748,雲品,觀光餐旅,249884,224866,273006,11.12573711,-8.469410929,2424910,2443593,-0.764570859,-
1150117,11412,2753,八方雲集,觀光餐旅,769634,767706,742738,0.251137805,3.621196169,8791118,8027985,9.50590964,-
1150117,11412,2762,世界健身-KY,運動休閒,968373,959696,869170,0.904140478,11.41353245,10983913,9815954,11.89857858,-
1150117,11412,2801,彰銀,金融保險業,3655728,3455635,3352637,5.790339547,9.040376277,45310090,41819537,8.346704078,-
1150117,11412,2812,台中銀,金融保險業,1787333,1825026,1625226,-2.065340439,9.974428172,20544431,19212138,6.934642048,-
1150117,11412,2816,旺旺保,金融保險業,1059591,920080,1063220,15.16292062,-0.341321646,11076835,11026698,0.454687342,-
1150117,11412,2820,華票,金融保險業,221643,265769,170881,-16.60314032,29.70605275,2978575,2238530,33.05941846,-
1150117,11412,2832,台產,金融保險業,584532,638148,552421,-8.401812746,5.81277685,7303739,7353728,-0.679777658,-
1150117,11412,2834,臺企銀,金融保險業,2649347,2530105,2543693,4.712926934,4.153567274,35114719,34164710,2.780673391,-
1150117,11412,2836,高雄銀,金融保險業,418798,436357,379119,-4.023998698,10.46610695,5021324,4384596,14.52193087,-
1150117,11412,2838,聯邦銀,金融保險業,1690749,1766075,1497298,-4.265164277,12.92000657,20282195,19362911,4.747653904,-
1150117,11412,2845,遠東銀,金融保險業,1026591,1141710,929652,-10.08303334,10.42745027,12868654,12856204,0.096840405,-
1150117,11412,2849,安泰銀,金融保險業,493311,555197,431744,-11.14667406,14.26007078,5763780,5543528,3.973137684,-
1150117,11412,2850,新產,金融保險業,1803607,1814637,1721088,-0.607835066,4.794583426,21561953,20853743,3.396080982,-
1150117,11412,2851,中再保,金融保險業,2126574,2103914,1792666,1.077040221,18.62633642,22898381,22886773,0.050719252,-
1150117,11412,2852,第一保,金融保險業,631075,637778,586814,-1.050992665,7.542594417,7561558,7799050,-3.045140113,-
1150117,11412,2855,統一證,金融保險業,1650931,797605,1049637,106.9860395,57.28589979,13543705,13030302,3.940069846,今年單月營收較去年同期增加，主因今年投資業務操作獲利優於去年同期所致。
1150117,11412,2867,三商壽,金融保險業,14288181,12753648,11151632,12.03211034,28.12636751,97938809,136846575,-28.43166955,-
1150117,11412,2880,華南金,金融保險業,5667680,5613356,5141039,0.967763313,10.24386316,69497210,66755912,4.106449778,-
1150117,11412,2881,富邦金,金融保險業,42650900,52974090,39455345,-19.48724367,8.09916882,381468619,347560039,9.756179133,-
1150117,11412,2882,國泰金,金融保險業,26693198,32142794,28513732,-16.95433197,-6.384762261,349215504,362445149,-3.650109551,-
1150117,11412,2883,凱基金,金融保險業,5864786,10678590,10059412,-45.07902261,-41.69852075,65047825,73979947,-12.07370695,-
1150117,11412,2884,玉山金,金融保險業,7774142,8094111,6760557,-3.953108624,14.99262561,91771743,76129986,20.54611832,-
1150117,11412,2885,元大金,金融保險業,12532267,13245900,9199657,-5.387576533,36.22537232,128425535,120699682,6.400889275,-
1150117,11412,2886,兆豐金,金融保險業,7014202,5947092,6644814,17.94339149,5.559041984,82007671,83485131,-1.769728312,-
1150117,11412,2887,台新新光金,金融保險業,22266461,20528838,6757392,8.464302753,229.5126433,150862916,86770690,73.86391188,本年度新增新光子公司
1150117,11412,2889,國票金,金融保險業,883600,809159,727644,9.199798803,21.43300845,8615275,8254451,4.371265878,-
1150117,11412,2890,永豐金,金融保險業,5598691,6238045,4832770,-10.2492688,15.84848855,74387090,64435149,15.44489484,-
1150117,11412,2891,中信金,金融保險業,22845536,23881840,15853491,-4.33929714,44.10413454,244894673,189409576,29.29371269,-
1150117,11412,2892,第一金,金融保險業,6966427,6235463,6060429,11.72269004,14.94940375,77567760,72094534,7.591735041,-
1150117,11412,2897,王道銀行,金融保險業,721395,874748,682776,-17.5311061,5.656174206,9966470,10178714,-2.085175003,-
1150117,11412,2901,欣欣,貿易百貨,11162,11538,11188,-3.258797019,-0.232391848,130749,133626,-2.153024112,-
1150117,11412,2903,遠百,貿易百貨,2574851,4218845,2772061,-38.96786917,-7.114201311,34077637,35006753,-2.654105052,-
1150117,11412,2904,匯僑,其他,33729,32568,43871,3.564848931,-23.11777712,473758,492032,-3.713986082,-
1150117,11412,2905,三商,貿易百貨,17041346,1404227,22309527,1113.574871,-23.61404166,160389986,202487463,-20.79016467,-
1150117,11412,2906,高林,貿易百貨,929323,768338,853514,20.95236732,8.881986704,8864173,8858077,0.068818548,-
1150117,11412,2908,特力,貿易百貨,3210654,2668548,3552141,20.31464302,-9.613554192,34008640,36769063,-7.507460824,-
1150117,11412,2910,統領,貿易百貨,43806,42999,59511,1.876787832,-26.39007915,518348,606041,-14.4698131,-
1150117,11412,2911,麗嬰房,貿易百貨,175275,207608,248245,-15.57406266,-29.39434833,2323338,2813361,-17.41770786,-
1150117,11412,2912,統一超,貿易百貨,30516860,29361772,29143942,3.933986001,4.710817775,350734591,337932284,3.788423778,-
1150117,11412,2913,農林,貿易百貨,36453,34660,42051,5.173110214,-13.31240636,472652,433108,9.13028621,-
1150117,11412,2915,潤泰全,貿易百貨,136954,165894,415819,-17.44487444,-67.06403507,2420613,2893203,-16.33449157,"係因子公司113/12獲配股利1.6億而本期無,量販事業變更採購策略,收入改採淨額認列及國貿業務受環境因素影響,致營收下降"
1150117,11412,2923,鼎固-KY,建材營造,2904783,252368,243294,1051.010825,1093.939431,5795332,8552510,-32.23823182,本月營收增加主係本月新樓盤交房增加所致。
1150117,11412,2929,淘帝-KY,貿易百貨,183869,169684,269438,8.359656774,-31.75832659,1753536,2120766,-17.31591321,-
1150117,11412,2939,永邑-KY,貿易百貨,21323,19870,35766,7.312531454,-40.38192697,299444,301923,-0.821070273,-
1150117,11412,2945,三商家購,貿易百貨,1298031,1250686,1225336,3.785522505,5.932658471,14803779,14297180,3.543349108,-
1150117,11412,3002,歐格,電腦及週邊設備業,47460,60219,50648,-21.18766502,-6.294424262,690271,591170,16.76353672,-
1150117,11412,3003,健和興,電子零組件業,445082,348888,413694,27.57159891,7.58725048,4396347,4544959,-3.269820476,-
1150117,11412,3004,豐達科,鋼鐵工業,405435,375963,338968,7.83906927,19.60863562,4055036,3501720,15.80126338,-
1150117,11412,3005,神基,電腦及週邊設備業,3355263,3620073,3032834,-7.315045857,10.63127754,39447844,35668386,10.59610042,-
1150117,11412,3006,晶豪科,半導體業,2170785,1401078,1044351,54.93677012,107.8597138,14575272,13485168,8.083725764,本期營收較前期成長係因產品市場需求復甦
1150117,11412,3008,大立光,光電業,5617058,5302915,5636008,5.923968233,-0.336230893,61147888,59457553,2.84292729,-
1150117,11412,3010,華立,電子通路業,6601451,7069004,6396049,-6.614128384,3.211388781,78189260,80030914,-2.301178267,-
1150117,11412,3011,今皓,電子零組件業,52697,58736,84514,-10.28159902,-37.64701706,754631,1152170,-34.50350209,-
1150117,11412,3013,晟銘電,電腦及週邊設備業,1191040,1036052,1062882,14.9594808,12.05759435,10530790,9409693,11.91427818,-
1150117,11412,3014,聯陽,半導體業,475117,521603,479203,-8.912141993,-0.85266578,6946962,6632578,4.739997027,-
1150117,11412,3015,全漢,電子零組件業,921994,944976,1018577,-2.432019438,-9.482150098,13060096,11600263,12.58448192,-
1150117,11412,3016,嘉晶,半導體業,345783,372639,291093,-7.206975115,18.78781008,3891698,4107470,-5.253160705,-
1150117,11412,3017,奇鋐,電腦及週邊設備業,13941273,17382240,6631051,-19.79587786,110.2422829,139639362,71761296,94.58868469,"因客戶需求增加,使營收成長"
1150117,11412,3018,隆銘綠能,其他電子業,26752,15733,58897,70.03750079,-54.57833166,458120,851422,-46.19354445,去年承接工案部分已過施作高峰期，故114年12月收入低於113年12月，及114年1-12月累計收入低於113年1-12月
1150117,11412,3019,亞光,光電業,2104928,2514684,2145010,-16.29453243,-1.868615997,26444020,23047484,14.73712272,-
1150117,11412,3021,鴻名,電子零組件業,333519,332755,247306,0.229598353,34.86086063,3339558,3470396,-3.770117301,-
1150117,11412,3022,威強電,電腦及週邊設備業,648487,419778,554948,54.48332214,16.85545312,6513043,6839832,-4.777734307,-
1150117,11412,3023,信邦,電子零組件業,2630178,2550317,2653470,3.131414644,-0.877793983,31335844,33217751,-5.665365485,-
1150117,11412,3024,憶聲,光電業,53172,70841,661515,-24.94177101,-91.96208703,1711970,2495322,-31.39282225,"去年12月有建案交屋收入,本月無交屋收入,使營收減少"
1150117,11412,3025,星通,通信網路業,185459,77760,67153,138.5018004,176.173812,677719,649951,4.272322067,美洲出貨增加
1150117,11412,3026,禾伸堂,電子零組件業,1135927,1108190,1020179,2.502910151,11.34585205,13413519,12785820,4.909337062,-
1150117,11412,3027,盛達,通信網路業,83688,88578,189509,-5.520558152,-55.83956435,2108453,2023935,4.175924622,主係本月儲能工程及設備收入減少所致。
1150117,11412,3028,增你強,電子通路業,3558818,3664037,2840102,-2.871668599,25.30599253,41443903,36417326,13.80270754,-
1150117,11412,3029,零壹,資訊服務業,1677609,1810010,1717959,-7.314931962,-2.348717286,24892946,18475768,34.73294317,-
1150117,11412,3030,德律,其他電子業,729676,812853,530902,-10.23272351,37.44080828,8467435,6355808,33.2235807,-
1150117,11412,3031,佰鴻,光電業,114312,103216,110470,10.75027128,3.477867294,1137679,1176322,-3.285069904,-
1150117,11412,3032,偉訓,電子零組件業,969905,1060805,650963,-8.568964136,48.99541141,11137226,7412448,50.25030867,從114年7月開始認列新購併之音圈全球領導公司AIP的營收
1150117,11412,3033,威健,電子通路業,9528447,9740915,9818190,-2.181191397,-2.951083652,108716379,89674523,21.23441013,-
1150117,11412,3034,聯詠,半導體業,7319722,7618617,8527147,-3.92321861,-14.159777,100663144,102787751,-2.066984616,-
1150117,11412,3035,智原,半導體業,957884,1016327,1102209,-5.750413007,-13.09415909,17992808,11064852,62.61227895,因量產累計營收增加
1150117,11412,3036,文曄,電子通路業,98615954,116585689,95830269,-15.4133283,2.906894689,1177948907,959431897,22.77566659,-
1150117,11412,3037,欣興,電子零組件業,11822372,11541416,9317439,2.434328682,26.88435095,131240882,115373282,13.75327088,-
1150117,11412,3038,全台,光電業,225142,211895,279241,6.251681257,-19.37358769,3010539,3605552,-16.50268808,-
1150117,11412,3040,遠見,其他,11690,14242,11969,-17.91883162,-2.331021806,131948,138217,-4.535621523,-
1150117,11412,3041,揚智,半導體業,270034,81292,116017,232.1778281,132.7538206,1397164,1628224,-14.19092213,本年度收購之子公司納入營收
1150117,11412,3042,晶技,電子零組件業,1024035,1173726,1037369,-12.75348761,-1.285367116,13348901,12672258,5.339561426,-
1150117,11412,3043,科風,其他電子業,53900,60546,99320,-10.97677799,-45.7309706,853712,887145,-3.768606034,-
1150117,11412,3044,健鼎,電子零組件業,6353077,6380549,5658069,-0.430558562,12.28348399,73399297,65803607,11.54296907,-
1150117,11412,3045,台灣大,通信網路業,18049316,23112130,17156531,-21.905441,5.203761763,198764583,199373905,-0.305617729,-
1150117,11412,3046,建碁,電腦及週邊設備業,786563,603091,466796,30.42194296,68.50251502,7513287,6945979,8.167430394,114年12月營收較去年同期增加，主係新增大型專案業務。
1150117,11412,3047,訊舟,通信網路業,256733,215499,487498,19.13419552,-47.33660446,3629566,6811926,-46.71747755,-
1150117,11412,3048,益登,電子通路業,9982878,10475548,10393424,-4.703047516,-3.950055343,115572529,113256257,2.045160295,-
1150117,11412,3049,精金,光電業,145792,153436,128002,-4.981881697,13.89822034,1484327,1466434,1.220170836,-
1150117,11412,3050,鈺德,光電業,123460,94751,96934,30.29941636,27.36501124,1260032,1252757,0.580719166,-
1150117,11412,3051,力特,光電業,170141,174668,208724,-2.591774109,-18.4851766,1875460,1887383,-0.631721278,-
1150117,11412,3052,夆典,建材營造,333387,253827,292253,31.34418324,14.07479136,3420125,2659786,28.58647275,-
1150117,11412,3054,立萬利,食品工業,9041,8168,9999,10.68805093,-9.580958096,125540,99156,26.60857638,主係因本期產品結構改變致銷售金額增加。
1150117,11412,3055,蔚華科,電子通路業,58706,16905,31330,247.2700385,87.37950846,459212,673273,-31.7940865,本月營收增加，主係測試設備銷售增加所致。
1150117,11412,3056,富華新,建材營造,95038,61510,3283230,54.50821005,-97.10535052,4054432,12753660,-68.20965903,營收減少係因無建案交屋
1150117,11412,3057,喬鼎,電腦及週邊設備業,34307,69349,71312,-50.52992833,-51.89168723,583850,573192,1.859411855,因部分關鍵性原物料進貨時間延遲，無法如期於年底前交貨致營收變動超過50%
1150117,11412,3058,立德,電子零組件業,221990,266225,255560,-16.61564466,-13.13585851,3146398,3130396,0.511181333,-
1150117,11412,3059,華晶科,光電業,653675,736095,704723,-11.19692431,-7.243697169,8677345,7195586,20.59261053,-
1150117,11412,3060,銘異,電腦及週邊設備業,379722,380194,368701,-0.124147146,2.989142964,3818634,3508217,8.8482839,-
1150117,11412,3062,建漢,通信網路業,413653,343750,467520,20.33541818,-11.52186003,4187044,3592572,16.54725361,-
1150117,11412,3090,日電貿,電子零組件業,1171306,1283431,894646,-8.736348117,30.92396322,15727845,12141096,29.54221761,-
1150117,11412,3092,鴻碩,電子零組件業,132566,120826,144868,9.716451757,-8.49186846,1639060,1933669,-15.23575131,-
1150117,11412,3094,聯傑,半導體業,13912,14595,18518,-4.679684824,-24.87309645,187756,165860,13.20149524,-
1150117,11412,3130,一零四,數位雲端,221677,215681,205232,2.780031621,8.012882981,2674437,2498987,7.020844846,-
1150117,11412,3135,凌航,半導體業,1176074,751849,535380,56.4242288,119.670888,7704142,5507775,39.87757307,營收增加係因訂單增加所致。
1150117,11412,3138,耀登,通信網路業,198953,156118,152411,27.43757927,30.53716595,1742629,1707590,2.051956266,-
1150117,11412,3149,正達,光電業,224452,211273,177812,6.237900726,26.22995073,2282748,2163181,5.527369185,-
1150117,11412,3150,鈺寶-創,半導體業,12615,16912,16585,-25.40799432,-23.93729273,301815,345263,-12.58403015,-
1150117,11412,3164,景岳,生技醫療業,31341,35221,36469,-11.01615513,-14.06125751,403982,385373,4.828828174,-
1150117,11412,3167,大量,電機機械,559398,490789,347412,13.97932717,61.01861766,5077937,2599385,95.35147737,主係因客戶需求量增加所致
1150117,11412,3168,眾福科,光電業,334304,267704,311612,24.87822371,7.282132909,3434267,3418445,0.462842023,-
1150117,11412,3189,景碩,半導體業,3688833,3521383,2945583,4.755233952,25.23269587,39351096,30534979,28.8721895,-
1150117,11412,3209,全科,電子通路業,3259267,3472776,1974009,-6.148078655,65.10902433,47383106,45892739,3.247500656,114年12月客戶需求上升
1150117,11412,3229,晟鈦,電子零組件業,113518,99692,74084,13.86871564,53.22876735,1040584,918401,13.3038836,本月磷銅球出貨量增加及銅價上漲
1150117,11412,3231,緯創,電腦及週邊設備業,255254817,280624451,105654212,-9.040421784,141.594549,2186522636,1049255609,108.3879864,主係客戶需求增加，較去年同期成長。
1150117,11412,3257,虹冠電,半導體業,70322,100686,50750,-30.15712214,38.56551724,1055311,816028,29.32289088,-
1150117,11412,3266,昇陽,建材營造,128278,102042,474666,25.71098175,-72.97510249,1433489,4679558,-69.36700005,因營建收入受政策、全部完工法及建案規模不同等影響，故營收波動較大。
1150117,11412,3296,勝德,電子零組件業,151278,122918,155816,23.0722921,-2.912409509,1597212,1624244,-1.664281967,-
1150117,11412,3305,昇貿,其他電子業,1143153,908688,770451,25.80258571,48.37452349,10590937,8104882,30.6735496,-
1150117,11412,3308,聯德,電子零組件業,2027,547,499,270.5667276,306.2124248,8022,67774,-88.16360256,新客戶訂單出貨
1150117,11412,3311,閎暉,通信網路業,189418,161925,221655,16.97884823,-14.54377298,2345073,2414203,-2.863470885,-
1150117,11412,3312,弘憶股,電子通路業,1780439,1540329,1464721,15.58822823,21.5548217,21015598,17709439,18.66890871,-
1150117,11412,3321,同泰,電子零組件業,140352,188826,159713,-25.6712529,-12.1223695,2145029,1966140,9.098487392,-
1150117,11412,3338,泰碩,電子零組件業,278048,297198,328868,-6.443515771,-15.4530085,3621006,3753882,-3.539695707,-
1150117,11412,3346,麗清,汽車工業,750890,731303,915387,2.678369978,-17.97021369,8542795,9338397,-8.51968491,-
1150117,11412,3356,奇偶,光電業,95107,81777,94143,16.30042677,1.023974167,1018695,1197847,-14.95616719,-
1150117,11412,3376,新日興,電子零組件業,862702,709961,1053180,21.51399866,-18.0859872,10723102,13327345,-19.54059867,-
1150117,11412,3380,明泰,通信網路業,2977260,1862778,2444416,59.82902955,21.79841729,22461720,21443625,4.747774688,-
1150117,11412,3406,玉晶光,光電業,2629824,2268741,1448952,15.91556727,81.49835191,24986678,23182529,7.782364901,因客戶需求較去年同期增加，致使本月營收優於去年同期。
1150117,11412,3413,京鼎,半導體業,1642969,1734979,1586830,-5.303234218,3.537808083,20841710,16454476,26.66286061,-
1150117,11412,3416,融程電,電腦及週邊設備業,334867,362105,262127,-7.52212756,27.74990749,3630896,3057605,18.74967499,-
1150117,11412,3419,譁裕,通信網路業,118138,134820,143004,-12.37353508,-17.3883248,1758282,1479246,18.86339392,-
1150117,11412,3432,台端,電子零組件業,19290,18663,4541,3.359588491,324.7963004,155289,47158,229.2951355,主係因增加新產品出貨所致
1150117,11412,3437,榮創,光電業,105266,152862,159043,-31.13658071,-33.81286822,1600230,2034771,-21.35576927,-
1150117,11412,3443,創意,半導體業,4747837,3936093,2702478,20.62308995,75.68457542,34140978,25044192,36.32293667,主要為晶圓產品(Wafer production)增加
1150117,11412,3447,展達,通信網路業,225799,332394,207149,-32.06887008,9.003181285,3654971,2558314,42.8663956,-
1150117,11412,3450,聯鈞,半導體業,791973,631105,824908,25.48989471,-3.992566444,8584594,7567661,13.4378773,-
1150117,11412,3454,晶睿,光電業,613332,544459,790569,12.64980467,-22.418916,7464395,7329858,1.835465298,-
1150117,11412,3481,群創,光電業,21436343,17124257,17980325,25.18115676,19.22110974,226749958,216509919,4.729593474,-
1150117,11412,3494,誠研,電腦及週邊設備業,81035,56367,56465,43.76319478,43.51368104,939317,904963,3.796177302,-
1150117,11412,3501,維熹,電子零組件業,421804,436205,457996,-3.301429374,-7.902252421,5539855,5922193,-6.456020599,-
1150117,11412,3504,揚明光,光電業,249811,230030,249098,8.599313133,0.286232728,2688527,2572028,4.529460799,-
1150117,11412,3515,華擎,電腦及週邊設備業,3857282,6103986,2651920,-36.80716175,45.45242692,47838587,25653837,86.47731721,"“本年累計營業收入淨額”採年平均匯率計算,“本月營業收入淨額”採該月平均匯率計算,故累計營收淨額與各月營收淨額加總會有差異"
1150117,11412,3518,柏騰,其他電子業,28358,24826,26128,14.22702006,8.534905083,319995,368747,-13.22098892,-
1150117,11412,3528,安馳,電子通路業,1011825,916708,438794,10.37593214,130.5922597,8959308,5291435,69.31717011,隨著AI伺服器應用普及，CoWoS先進封裝需求增加，及工控需求回升帶動測試設備、水冷系統、電源管理等應用同步放量。
1150117,11412,3530,晶相光,半導體業,215968,191069,130295,13.03141797,65.75309874,1845343,1731031,6.603694561,因監控系列產品營收較去年同期大幅成長所致。
1150117,11412,3532,台勝科,半導體業,1120582,1082448,1079328,3.522940594,3.822193068,12334292,12421635,-0.703152202,-
1150117,11412,3533,嘉澤,電子零組件業,3541863,2931350,2745233,20.82702509,29.01866618,33851982,30132625,12.34328904,-
1150117,11412,3535,晶彩科,光電業,84409,118066,7965,-28.5069368,959.7489014,459861,667587,-31.11594444,本公司以銷售機台為主，114年12月出售機台較去年同期多，但114年累計出售機台較去年同期減少，此為產業特性，尚屬正常。
1150117,11412,3543,州巧,光電業,300841,253749,290529,18.55849678,3.549387497,3264017,3228543,1.098761887,-
1150117,11412,3545,敦泰,半導體業,873049,970271,1244021,-10.02008717,-29.82039692,11952063,14538987,-17.79301405,-
1150117,11412,3550,聯穎,電子零組件業,310693,332679,309041,-6.608773021,0.534556903,3530862,3420294,3.232704557,-
1150117,11412,3557,嘉威,居家生活,432791,247889,477669,74.59064339,-9.395208816,4322982,5724758,-24.48620536,-
1150117,11412,3563,牧德,光電業,228542,228380,213631,0.070934408,6.979792259,3192291,1532481,108.3086838,主係訂單量增加，致本年度營收較去年度成長。
1150117,11412,3576,聯合再生,光電業,249288,132670,996209,87.90080651,-74.97633529,3046560,5784135,-47.32903018,太陽能需求減緩，導致本年營收較去年減少。
1150117,11412,3583,辛耘,半導體業,979704,957864,789870,2.280073163,24.03357515,11371557,9688281,17.37435155,-
1150117,11412,3588,通嘉,半導體業,119631,110249,105278,8.509827754,13.63342769,1348683,1453906,-7.237262932,-
1150117,11412,3591,艾笛森,光電業,172995,184982,226567,-6.480089955,-23.64510277,2307824,2558790,-9.807995185,-
1150117,11412,3592,瑞鼎,半導體業,1778256,1803961,1881678,-1.42491994,-5.496264504,22397169,24376802,-8.120970913,-
1150117,11412,3593,力銘,電子零組件業,70155,58128,73478,20.690545,-4.522442092,1093005,877438,24.56777573,-
1150117,11412,3596,智易,通信網路業,4208498,4336781,4008270,-2.958023474,4.995372068,52975952,48967458,8.186036531,-
1150117,11412,3605,宏致,電子零組件業,910962,922509,910570,-1.251695105,0.043049958,10859557,9770897,11.14186343,-
1150117,11412,3607,谷崧,電子零組件業,243901,204509,292936,19.26174398,-16.73915121,2812505,3144071,-10.54575421,-
1150117,11412,3617,碩天,其他電子業,930656,958923,998137,-2.947786214,-6.760695175,11876479,12493894,-4.941733938,-
1150117,11412,3622,洋華,光電業,134485,111001,82362,21.15656616,63.28525291,1725633,1577292,9.404789982,本月主係電線電纜產品依客戶施工需求增加所致。
1150117,11412,3645,達邁,電子零組件業,203261,184265,210751,10.30906575,-3.553957039,2373234,2246579,5.637682895,-
1150117,11412,3652,精聯,電腦及週邊設備業,211911,179674,238484,17.94193929,-11.14246658,2452536,2438169,0.589253657,-
1150117,11412,3653,健策,電子零組件業,1870032,1701437,1650992,9.908976941,13.26717513,20275577,14278187,42.00386226,-
1150117,11412,3661,世芯-KY,半導體業,1375789,1698309,4485798,-18.99065482,-69.33011696,30924428,51976782,-40.50338091,本月營收較去年同期減少，係因量產產品減少所致。
1150117,11412,3665,貿聯-KY,其他電子業,6640666,6538775,4641987,1.558258236,43.05654023,71202485,54078795,31.6643335,-
1150117,11412,3669,圓展,通信網路業,297617,189274,193872,57.2413538,53.51211108,2530372,2610003,-3.050992662,本月較去年同期增加主要係因出貨量增加所致。
1150117,11412,3673,TPK-KY,光電業,5427886,4669429,5444153,16.24303528,-0.298797627,62835706,68873618,-8.766654309,-
1150117,11412,3679,新至陞,電子零組件業,357962,324082,443677,10.45414432,-19.31923449,4471195,4259658,4.96605596,-
1150117,11412,3686,達能,半導體業,8368,8692,5161,-3.727565578,62.13912033,85816,82540,3.968984735,本期營收與去年同期差異，主要係本期電子零組件材料交易的品項規格不同，加上整體交易的平均價格較去年同期大幅上升所致。
1150117,11412,3694,海華,通信網路業,948924,794209,797607,19.48038866,18.97137312,11407256,9251032,23.30792932,-
1150117,11412,3701,大眾控,電腦及週邊設備業,696541,729732,782882,-4.548382146,-11.02860968,9691333,13068565,-25.84240886,-
1150117,11412,3702,大聯大,電子通路業,93340132,78643539,83526897,18.68760382,11.74859279,999122921,880552335,13.46547857,-
1150117,11412,3703,欣陸,建材營造,7681121,2894218,2450370,165.3953849,213.4678028,34611732,30694572,12.7617352,本月較去年同月增加，主係本月交屋增加所致。
1150117,11412,3704,合勤控,通信網路業,2036023,1738918,3251918,17.08562451,-37.39008794,25295196,25969435,-2.596279049,-
1150117,11412,3705,永信,生技醫療業,722005,713716,726323,1.161386322,-0.594501344,8369734,8040604,4.093349206,-
1150117,11412,3706,神達,電腦及週邊設備業,10552957,7821659,8408891,34.91967625,25.49760724,105577033,61359852,72.06207244,YOY增長係超大規模雲端資料中心及雲端服務客戶們需求強勁維持在高檔。車用電子，智慧物聯及智慧車載資通訊出貨則朝成長目標。
1150117,11412,3708,上緯投控,綠能環保,58292,74530,579131,-21.78719979,-89.93457439,1005478,7872159,-87.22741754,"以上申報之合併營收已排除停業單位營收。114全年累計合併營收(含停業單位)為 6,985,352仟元。 本月營收減少係因處分上緯新材料。"
1150117,11412,3711,日月光投控,半導體業,58864547,58819584,52904645,0.076442227,11.26536621,645387710,595409585,8.393906692,-
1150117,11412,3712,永崴投控,電腦及週邊設備業,2627271,1270740,4489250,106.751263,-41.47639361,32265164,26887873,19.99894525,-
1150117,11412,3714,富采,光電業,1825841,1691307,1825241,7.954439969,0.032872371,22182815,24388294,-9.043186867,-
1150117,11412,3715,定穎投控,電子零組件業,1969194,1811028,1548061,8.733492801,27.20390217,19504444,17727754,10.02208176,-
1150117,11412,3716,中化控股,生技醫療業,770326,678760,800298,13.49018799,-3.745104948,8568178,3016314,184.0612085,中化控股於113/09/02公司始設立
1150117,11412,3717,聯嘉投控,汽車工業,433682,517263,0,-16.15831792,,2492719,0,,聯嘉光電投控（公司代號：3717）於8月份起100%認列聯嘉光電（原公司代號：6288）的營收。
1150117,11412,4104,佳醫,生技醫療業,774302,764923,769689,1.226136487,0.599332977,8788805,8538902,2.926640919,-
1150117,11412,4106,雃博,生技醫療業,218030,197539,214024,10.37314151,1.871752701,2404332,2386654,0.740702255,-
1150117,11412,4108,懷特,生技醫療業,8597,11649,13984,-26.19967379,-38.52259725,134577,153563,-12.36365531,本期海外出貨較去年同期減少，國內外業務拓展中。
1150117,11412,4119,旭富,生技醫療業,151638,103366,77950,46.70007546,94.53239256,1343720,1523738,-11.81423578,客戶下單及出貨時點差異所造成，若將11月營收加入比較，兩期僅差異 +9.23%
1150117,11412,4133,亞諾法,生技醫療業,27485,29643,28329,-7.279964916,-2.979279184,351299,355257,-1.114123015,-
1150117,11412,4137,麗豐-KY,生技醫療業,387864,358504,349745,8.189587843,10.89908362,3878155,4066587,-4.633664545,-
1150117,11412,4142,國光生,生技醫療業,140435,130843,44563,7.33092332,215.1381191,1521343,1556989,-2.289418872,月營收較去年同期增加主因為外銷勞務收入增加所致。
1150117,11412,4148,全宇生技-KY,生技醫療業,272164,233611,241882,16.50307563,12.51932761,2952991,2477224,19.20565116,-
1150117,11412,4155,訊映,生技醫療業,97142,112831,163404,-13.90486657,-40.5510269,1557916,1676893,-7.095085971,-
1150117,11412,4164,承業醫,生技醫療業,477605,394089,486021,21.19216725,-1.73161242,4398280,3599807,22.1809947,-
1150117,11412,4190,佐登-KY,生技醫療業,212415,198815,191299,6.840530141,11.03821766,2265978,2280569,-0.639796472,-
1150117,11412,4306,炎洲,塑膠工業,1260135,1324475,1125722,-4.857773835,11.94015929,13277365,15916637,-16.58184452,-
1150117,11412,4414,如興,紡織纖維,1325867,1293784,1690627,2.479780242,-21.57542734,14028156,14896513,-5.829263533,-
1150117,11412,4426,利勤,紡織纖維,76215,74514,70396,2.282792495,8.266094664,880988,969919,-9.168909981,-
1150117,11412,4438,廣越,紡織纖維,1253373,1358617,1142792,-7.746406824,9.676389054,19427838,16485475,17.84821487,-
1150117,11412,4439,冠星-KY,紡織纖維,454088,440678,414793,3.043038227,9.473399985,7002730,5417623,29.25834817,-
1150117,11412,4440,宜新實業,紡織纖維,110406,96981,97242,13.84291768,13.5373604,1069237,1123724,-4.848788493,-
1150117,11412,4441,振大環球,紡織纖維,683432,470790,534948,45.16705962,27.75671654,7480059,5831162,28.27733134,-
1150117,11412,4526,東台,電機機械,563707,257819,657233,118.6444754,-14.23026537,5359662,5739349,-6.615506393,-
1150117,11412,4532,瑞智,電機機械,1682788,1473552,1863062,14.19943103,-9.676221189,20373938,21539471,-5.411149605,-
1150117,11412,4536,拓凱,運動休閒,683011,603720,920125,13.13373749,-25.76975954,9202655,9478115,-2.906274085,-
1150117,11412,4540,全球傳動,電機機械,271685,240452,288796,12.98928684,-5.924943559,2559330,2294281,11.55259534,-
1150117,11412,4545,銘鈺,電子零組件業,217286,189592,221081,14.60715642,-1.716565422,2387660,2396125,-0.353278731,-
1150117,11412,4551,智伸科,汽車工業,735235,702272,617020,4.693765379,19.1590224,7822899,7691073,1.714013116,-
1150117,11412,4552,力達-KY,電機機械,277458,276608,313144,0.307294077,-11.39603505,3466489,3624159,-4.350526564,-
1150117,11412,4555,氣立,電機機械,147040,120901,139737,21.62016857,5.226246449,1596179,1488048,7.266633872,-
1150117,11412,4557,永新-KY,汽車工業,338570,315627,405552,7.269023246,-16.51625439,3992639,3941067,1.308579631,-
1150117,11412,4560,強信-KY,電機機械,156396,153770,156719,1.707745334,-0.206101366,1719303,1607273,6.970191125,-
1150117,11412,4562,穎漢,電機機械,54747,34160,84610,60.26639344,-35.2948824,717419,777164,-7.687566588,-
1150117,11412,4564,元翎,電機機械,107284,90013,141544,19.18722851,-24.20448765,1102016,1144554,-3.716556842,-
1150117,11412,4566,時碩工業,電機機械,399679,399311,373711,0.092158743,6.948684946,4976319,4797371,3.730126355,-
1150117,11412,4569,六方科-KY,汽車工業,136380,139322,109308,-2.111655015,24.76671424,1817578,1451874,25.18841167,-
1150117,11412,4571,鈞興-KY,電機機械,251857,240986,282238,4.511050434,-10.76431948,3064957,3061903,0.099741893,-
1150117,11412,4572,駐龍,電機機械,52571,54848,57625,-4.151473162,-8.770498915,670865,871452,-23.0175615,-
1150117,11412,4576,大銀微系統,電機機械,279398,232759,236044,20.03746364,18.36691464,2714379,2253707,20.44063403,-
1150117,11412,4581,光隆精密-KY,汽車工業,91480,81593,76898,12.11746106,18.96278187,1086038,1082879,0.291722344,-
1150117,11412,4583,台灣精銳,電機機械,248519,267508,235678,-7.098479298,5.448535714,2998017,2958991,1.318895529,-
1150117,11412,4585,達明,其他電子業,198863,141035,129048,41.00258801,54.1000248,1822095,1481037,23.02832407,客戶自動化需求提高，致本公司機械手臂銷售增加。
1150117,11412,4588,玖鼎電力,其他電子業,158159,119550,133952,32.29527394,18.07139871,920285,1070905,-14.06473964,-
1150117,11412,4720,德淵,化學工業,307751,329218,331365,-6.520603369,-7.126280687,3594110,3679001,-2.307447049,-
1150117,11412,4722,國精化,化學工業,284200,292923,375523,-2.977915698,-24.31888326,3727379,4040634,-7.75262001,-
1150117,11412,4736,泰博,生技醫療業,407668,334821,383588,21.75699852,6.277568641,4204105,4640915,-9.41215256,-
1150117,11412,4737,華廣,生技醫療業,160880,128734,142633,24.97087017,12.79297217,1838588,1933746,-4.920915156,-
1150117,11412,4739,康普,化學工業,653109,670795,329643,-2.636573022,98.12615466,6191109,4095506,51.1683538,本月營收及本年營收較去年同期增加，主係動力電池材料銷售增加。
1150117,11412,4746,台耀,生技醫療業,526610,376016,539401,40.04989149,-2.371334128,4851357,4731046,2.543010573,-
1150117,11412,4755,三福化,化學工業,409047,408360,414255,0.168233911,-1.257196654,4830437,5323742,-9.266132731,-
1150117,11412,4763,材料*-KY,化學工業,1174813,804535,1559056,46.02385229,-24.64587545,13231401,15713325,-15.79502747,-
1150117,11412,4764,雙鍵,化學工業,274436,290750,301179,-5.611006019,-8.879437145,2849976,2702450,5.458972414,-
1150117,11412,4766,南寶,化學工業,2003089,1936503,1995292,3.438466142,0.390769872,23200302,22982598,0.947255832,-
1150117,11412,4770,上品,化學工業,466704,311144,509994,49.99614326,-8.488335157,4726102,6457399,-26.81105814,-
1150117,11412,4771,望隼,生技醫療業,287612,308000,222666,-6.619480519,29.1674526,3487442,3002007,16.1703487,-
1150117,11412,4807,日成-KY,貿易百貨,123008,180336,114915,-31.7895484,7.042596702,2119078,1779357,19.09234628,-
1150117,11412,4904,遠傳,通信網路業,11340652,10312164,9991538,9.973541926,13.50256587,110346077,104622553,5.470640733,-
1150117,11412,4906,正文,通信網路業,1373092,1130323,2091789,21.47784306,-34.35800647,16494723,25627909,-35.63765581,-
1150117,11412,4912,聯德控股-KY,電子零組件業,592891,683855,575573,-13.3016502,3.008827725,6322525,5799711,9.014483653,-
1150117,11412,4915,致伸,電子零組件業,4871377,4538542,3998432,7.333522528,21.83218322,60181706,58166140,3.465187822,-
1150117,11412,4916,事欣科,電腦及週邊設備業,402773,354142,293351,13.73206228,37.30070803,3605070,3573442,0.885085024,-
1150117,11412,4919,新唐,半導體業,2457445,2292898,2573573,7.176376795,-4.51232586,30492418,31923290,-4.482219721,-
1150117,11412,4927,泰鼎-KY,電子零組件業,910578,851307,1009593,6.962353182,-9.807417444,11608228,12459179,-6.829912308,12月份自結數
1150117,11412,4930,燦星網,電器電纜,380994,485059,584222,-21.45409115,-34.78609159,6034120,7944067,-24.04243318,-
1150117,11412,4934,太極,光電業,8576,11096,6413,-22.71088681,33.72836426,89337,367746,-75.70687377,本年累計營收較去年減少主係受貿易政策調整影響，致市場需求放緩所致。
1150117,11412,4935,茂林-KY,光電業,413207,369062,580275,11.96140486,-28.7911766,5350863,6946030,-22.96516139,-
1150117,11412,4938,和碩,電腦及週邊設備業,99893947,101800641,102445230,-1.87296856,-2.490387303,1117153108,1125348517,-0.728255192,-
1150117,11412,4942,嘉彰,光電業,540506,602705,524838,-10.31997412,2.985302131,6081219,5668676,7.27759004,-
1150117,11412,4943,康控-KY,電子零組件業,156828,170768,133185,-8.163121896,17.7519991,1690289,1516445,11.46391725,-
1150117,11412,4949,有成精密,光電業,193922,191907,183304,1.049987754,5.792563174,2388833,2395349,-0.272027166,-
1150117,11412,4952,凌通,半導體業,148468,153697,143170,-3.402148383,3.700495914,2128010,2461895,-13.56211374,-
1150117,11412,4956,光鋐,光電業,103205,110929,113333,-6.963012377,-8.936496872,1349023,1294749,4.191854946,-
1150117,11412,4958,臻鼎-KY,電子零組件業,19321296,18120795,15746293,6.624990791,22.70377542,182521620,171663845,6.325021439,-
1150117,11412,4960,誠美材,光電業,819754,722434,788628,13.47112677,3.946854537,8643189,8927193,-3.181335947,-
1150117,11412,4961,天鈺,半導體業,1389390,1332224,1740812,4.291020129,-20.18724595,17974301,19224746,-6.504351215,-
1150117,11412,4967,十銓,半導體業,3629683,1617270,1166065,124.4327169,211.2762153,20428449,19938459,2.457511887,遞延訂單正逐步交貨中
1150117,11412,4968,立積,半導體業,311658,310246,297766,0.455122709,4.665408408,3761663,3679348,2.237217029,-
1150117,11412,4976,佳凌,光電業,74364,78564,90290,-5.345959982,-17.63871968,1020255,1128847,-9.619727031,-
1150117,11412,4977,眾達-KY,通信網路業,62352,100807,104794,-38.14715248,-40.50041033,1074975,1091806,-1.541574236,-
1150117,11412,4989,榮科,電子零組件業,290710,229473,158390,26.68592819,83.54062756,2661652,2993614,-11.08900479,主係銅價上漲，造成營收增加。
1150117,11412,4994,傳奇,資訊服務業,108199,96315,105701,12.33868037,2.363269979,1185241,1584132,-25.18041426,-
1150117,11412,4999,鑫禾,電子零組件業,206767,139924,180700,47.77093279,14.42556724,1953351,1957025,-0.187733933,-
1150117,11412,5007,三星,鋼鐵工業,570799,519288,538414,9.919543683,6.014888172,6215530,6819400,-8.855177875,-
1150117,11412,5203,訊連,資訊服務業,211316,207307,179763,1.933846903,17.55255531,2459600,2068359,18.91552675,-
1150117,11412,5215,科嘉-KY,電腦及週邊設備業,225201,231498,223690,-2.720109893,0.675488399,2593521,2705641,-4.143934838,-
1150117,11412,5222,全訊,半導體業,92251,83227,132991,10.8426352,-30.6336519,954334,1301687,-26.68483284,-
1150117,11412,5225,東科-KY,其他電子業,709742,689108,910955,2.994305682,-22.08813827,11039422,12405466,-11.01162987,-
1150117,11412,5234,達興材料,光電業,412283,370260,374460,11.34959218,10.10067831,4629779,4117847,12.43203062,-
1150117,11412,5243,乙盛-KY,光電業,854716,1009668,1031831,-15.34682688,-17.16511716,12000719,13093588,-8.346596823,-
1150117,11412,5244,弘凱,光電業,71002,81281,73924,-12.64625189,-3.952708187,841778,861094,-2.243192962,-
1150117,11412,5258,虹堡,電腦及週邊設備業,915286,701392,861340,30.49564295,6.26303202,7890363,7834220,0.716638032,-
1150117,11412,5269,祥碩,半導體業,1143373,1186446,636289,-3.630422286,79.69397554,13414563,8081071,65.99981611,"因完成收購 Techpoint, Inc.，其營收自合併基準日起納入本公司合併報表，帶動整體營收成長。"
1150117,11412,5283,禾聯碩,電器電纜,541205,412300,555792,31.26485569,-2.624542995,6468990,6417178,0.8073954,-
1150117,11412,5284,jpp-KY,其他,350383,396436,211145,-11.61675529,65.94425632,3755805,2394675,56.83986345,機櫃及電源櫃訂單增長所致
1150117,11412,5285,界霖,半導體業,444486,411384,416104,8.046496704,6.820890931,5348422,5026851,6.397066474,-
1150117,11412,5288,豐祥-KY,電機機械,678521,549014,692347,23.58901594,-1.996975505,6805069,7343358,-7.330284047,-
1150117,11412,5292,華懋,綠能環保,289892,200039,226167,44.91774104,28.17608228,2861243,2247229,27.3231611,本公司完工百分比法係以投入成本為完工進度基礎，各期依工程安排時間不同而產生差異
1150117,11412,5306,桂盟,運動休閒,370480,330070,414186,12.24285758,-10.55226396,4685644,4984147,-5.989048878,-
1150117,11412,5388,中磊,通信網路業,6235041,4857218,5319155,28.36650527,17.21863717,53997004,56788762,-4.91603955,-
1150117,11412,5434,崇越,電子通路業,6479605,5740079,5450479,12.88355091,18.88138639,67583531,56997113,18.57360389,-
1150117,11412,5469,瀚宇博,電子零組件業,5283532,5020744,3426807,5.234044994,54.18236277,57226204,41632032,37.45714838,本公司之子公司精成科技自114年4月8日起新增合併子公司Lincstech，致使本月營收較去年同期增加。
1150117,11412,5471,松翰,半導體業,245096,223436,259327,9.694051093,-5.487666151,2675652,2744466,-2.507373019,-
1150117,11412,5484,慧友,光電業,60427,54462,10572,10.9525908,471.5758608,506246,460280,9.986529938,係因有接到代工訂單
1150117,11412,5515,建國,建材營造,666608,705141,935520,-5.464580843,-28.74465538,7095608,6120883,15.92458147,-
1150117,11412,5519,隆大,建材營造,363026,447345,856323,-18.84876326,-57.6064172,5521381,6251438,-11.67822507,"本期較去年同期減少,係去年同期認列J57案完工房地收入較多所致。"
1150117,11412,5521,工信,建材營造,838585,612559,731678,36.89864976,14.61120876,9038390,7099106,27.31729883,無
1150117,11412,5522,遠雄,建材營造,3773278,11163800,742895,-66.20077393,407.9153851,31153367,22399065,39.08333674,本月營收較去年同期增加，主要係交屋量較去年同期完工可交屋成屋量增加所致
1150117,11412,5525,順天,建材營造,1609829,305235,64331,427.4064246,2402.415632,2293357,4516267,-49.2200749,本月營收較去年同期增加，係因母公司ONE 33及緮華A、C區案完工交屋收入所致
1150117,11412,5531,鄉林,建材營造,38865,74883,2534380,-48.09903449,-98.46648885,1072641,4108112,-73.8896846,建設業之銷售進度及狀況深受景氣榮枯及市場現狀影響，且建築個案之完工時間並非固定時點，故月營收的表現上會有較大之波動。
1150117,11412,5533,皇鼎,建材營造,114182,57893,78081,97.22937143,46.23531973,1164507,2235793,-47.9152587,-
1150117,11412,5534,長虹,建材營造,2561889,2022994,3386362,26.63848731,-24.34686546,8489975,12070720,-29.6647176,本月營收較去年同期減少，主要係因本月過戶交屋數額較去年同期減少所致。
1150117,11412,5538,東明-KY,鋼鐵工業,1264396,1108904,1210755,14.02213357,4.430376088,12727628,12587800,1.110821589,-
1150117,11412,5546,永固-KY,建材營造,126283,118116,264241,6.914389244,-52.20915755,1949553,2795491,-30.26080213,本公司為控管風險，控管客戶品質，因此整體出貨量減少致12月營收衰退。
1150117,11412,5607,遠雄港,航運業,399792,370901,308560,7.789410112,29.567021,4143048,3464767,19.57652564,-
1150117,11412,5608,四維航,航運業,284642,283915,309394,0.256062554,-8.000155142,3183906,3492772,-8.843004926,-
1150117,11412,5706,鳳凰,觀光餐旅,148755,221496,150013,-32.84077365,-0.838593989,3141403,3137287,0.131196158,-
1150117,11412,5871,中租-KY,其他,8243288,7812067,8483228,5.519934737,-2.828404471,97567377,102291657,-4.61844117,-
1150117,11412,5876,上海商銀,金融保險業,4241629,4193375,5029013,1.150719886,-15.65682968,53742257,52478239,2.408651708,-
1150117,11412,5880,合庫金,金融保險業,6789683,6217725,5145338,9.198830762,31.95795884,73820926,65772381,12.23696767,-
1150117,11412,5906,台南-KY,貿易百貨,142206,176575,153412,-19.46425032,-7.304513337,1681725,1809168,-7.044287761,-
1150117,11412,5907,大洋-KY,貿易百貨,193840,237588,263381,-18.41338788,-26.40319537,2723486,3234918,-15.80973614,-
1150117,11412,6005,群益證,金融保險業,1933476,1609002,1392356,20.16616511,38.86362396,19219572,17153175,12.04673187,-
1150117,11412,6024,群益期,金融保險業,153512,213497,199225,-28.09641353,-22.94541348,2900673,2639680,9.887296945,-
1150117,11412,6108,競國,電子零組件業,294329,322743,332903,-8.803908993,-11.58715902,4176095,5125952,-18.530353,-
1150117,11412,6112,邁達特,資訊服務業,1952894,1776241,1746083,9.945328365,11.84428232,21838980,18377478,18.83556601,-
1150117,11412,6115,鎰勝,電子零組件業,700066,635805,639174,10.10702967,9.526670359,7494166,7355750,1.881738776,-
1150117,11412,6116,彩晶,光電業,939455,945844,979501,-0.675481369,-4.088408281,11436992,9964484,14.777564,-
1150117,11412,6117,迎廣,電腦及週邊設備業,288623,281363,266109,2.580296627,8.460442901,3220994,2878414,11.90169309,-
1150117,11412,6120,達運,光電業,1720033,1204380,1830831,42.81480928,-6.051787412,17105516,20872571,-18.04787249,-
1150117,11412,6128,上福,電腦及週邊設備業,418471,408321,425191,2.485789367,-1.58046619,5250683,5510051,-4.707179661,-
1150117,11412,6133,金橋,電子零組件業,151811,139578,107999,8.764275172,40.56704229,1414271,1199033,17.95096549,-
1150117,11412,6136,富爾特,通信網路業,78926,48360,48056,63.20512821,64.23755618,636670,492531,29.26495997,本月營收較去年同期增加，係因新增子公司-格帝控股之營收所致
1150117,11412,6139,亞翔,其他電子業,9501077,8509211,3583336,11.65638036,165.1461376,76738839,64988336,18.08094148,主要係工程進入施工高峰期，致本月營收較去年同期大幅增加。
1150117,11412,6141,柏承,電子零組件業,122671,141982,162810,-13.60101985,-24.65389104,1794445,2288688,-21.59503611,資料係自行結算數
1150117,11412,6142,友勁,通信網路業,144967,112504,127270,28.85497405,13.90508368,1803869,1184288,52.31675066,去年基期低，故營收較去年同期大幅上升
1150117,11412,6152,百一,通信網路業,167021,169747,179317,-1.605919398,-6.85713011,1573200,2267445,-30.61794222,-
1150117,11412,6153,嘉聯益,電子零組件業,411302,376346,515820,9.288261334,-20.26249467,5411320,7282327,-25.6924332,-
1150117,11412,6155,鈞寶,電子零組件業,56706,49569,46851,14.39811172,21.0347698,631749,569796,10.8728387,-
1150117,11412,6164,華興,光電業,55362,64372,77531,-13.99676878,-28.5937238,732167,822357,-10.96725631,-
1150117,11412,6165,浪凡,數位雲端,281337,257493,246052,9.260057555,14.34046462,3220885,2848377,13.07790366,-
1150117,11412,6166,凌華,電腦及週邊設備業,1103261,1041008,1403643,5.980069317,-21.40017084,11801217,10078338,17.09487219,-
1150117,11412,6168,宏齊,光電業,164752,172418,150257,-4.446171513,9.646805141,2071260,1951784,6.121374086,-
1150117,11412,6176,瑞儀,光電業,4311453,3787723,4930472,13.82704068,-12.55496431,48783247,51617837,-5.491493183,-
1150117,11412,6177,達麗,建材營造,6199134,375689,413818,1550.07067,1398.033918,9531068,12320174,-22.63852767,本期營收較去年同期上升，主係本期「軟橋段」及「武東段二」完工過戶所致。
1150117,11412,6183,關貿,資訊服務業,359675,224424,341638,60.2658361,5.27956492,2753275,2554683,7.773645497,-
1150117,11412,6184,大豐電,其他,187240,176368,183598,6.164383562,1.983681739,2157938,2119300,1.823149153,-
1150117,11412,6189,豐藝,電子通路業,2408224,2375889,2659638,1.360964254,-9.452940588,29689806,37989786,-21.84792512,-
1150117,11412,6191,精成科,電子零組件業,3259051,3045164,1708601,7.023825318,90.74383077,33712142,21680512,55.49513775,本公司自114年4月8日起新增合併子公司Lincstech，致使本月營收增幅達50%以上。
1150117,11412,6192,巨路,其他電子業,766628,705743,553817,8.627078129,38.42623105,7357266,7827570,-6.008301427,-
1150117,11412,6196,帆宣,其他電子業,5050065,5453328,5326341,-7.394805521,-5.186975449,51567474,60675104,-15.01048931,-
1150117,11412,6197,佳必琪,電子零組件業,600839,576980,525791,4.135151998,14.27335196,7587894,6768706,12.10257913,-
1150117,11412,6201,亞弘電,其他電子業,279715,264417,394727,5.785558417,-29.13709982,3327002,3318224,0.264539103,-
1150117,11412,6202,盛群,半導體業,209119,237507,224834,-11.95248982,-6.989601217,3057722,2501630,22.22918657,-
1150117,11412,6205,詮欣,電子零組件業,95382,88475,100490,7.806725064,-5.083092845,1364041,1406550,-3.022217482,-
1150117,11412,6206,飛捷,電腦及週邊設備業,399461,346096,475663,15.41913226,-16.02016554,5032627,4606032,9.261659493,-
1150117,11412,6209,今國光,光電業,409071,408107,234595,0.236212562,74.37328161,3652218,2424206,50.65625611,客戶需求增加。
1150117,11412,6213,聯茂,電子零組件業,3170506,2996744,2435841,5.79835982,30.16063035,33098283,29377677,12.6647386,-
1150117,11412,6214,精誠,資訊服務業,4557878,3621563,3679358,25.85389237,23.87699158,43969455,38950642,12.88505848,-
1150117,11412,6215,和椿,其他電子業,284651,188992,199874,50.61536996,42.41522159,2496408,1662946,50.11960701,自動化零組件及設備需求增加
1150117,11412,6216,居易,通信網路業,61120,46602,64863,31.15316939,-5.770624239,757198,1178472,-35.74747639,-
1150117,11412,6224,聚鼎,電子零組件業,201912,251321,267380,-19.65971805,-24.48500262,2852424,2925428,-2.495498095,-
1150117,11412,6225,天瀚,光電業,10734,8146,8558,31.77019396,25.42650152,54491,54263,0.42017581,-
1150117,11412,6226,光鼎,光電業,53439,47733,79787,11.95399409,-33.02292353,609246,655374,-7.038423862,-
1150117,11412,6230,尼得科超眾,電腦及週邊設備業,927005,769713,755116,20.4351492,22.76325757,9093728,8123811,11.93918716,-
1150117,11412,6235,華孚,電腦及週邊設備業,582785,594508,390593,-1.971882632,49.20518289,6616048,5813491,13.80507857,-
1150117,11412,6239,力成,半導體業,7296529,7140037,5590342,2.191753348,30.52026155,74929320,73315042,2.20183738,"去年上半年合併營收包含西安子公司，倘扣除則去年累計合併營收淨額為69,951,368仟元，增減百分比為+7.12%。"
1150117,11412,6243,迅杰,半導體業,35894,36524,59030,-1.724893221,-39.19363036,627985,721222,-12.92764225,-
1150117,11412,6257,矽格,半導體業,1803348,1741965,1612008,3.52377918,11.86966814,19587196,18218144,7.514772087,-
1150117,11412,6269,台郡,電子零組件業,1879415,1860296,1944259,1.027739672,-3.335152364,22349854,26443782,-15.48162816,-
1150117,11412,6271,同欣電,半導體業,900084,945982,951709,-4.851889359,-5.424452222,11543456,12090994,-4.528477973,-
1150117,11412,6272,驊陞,電子零組件業,284734,337285,313632,-15.58059208,-9.213983267,4035592,3083420,30.88038606,-
1150117,11412,6277,宏正,電腦及週邊設備業,484277,435156,456136,11.28813575,6.169431924,4920290,4993201,-1.460205588,-
1150117,11412,6278,台表科,光電業,4127948,3999865,4120884,3.202183074,0.17141953,49877415,45287887,10.1341182,-
1150117,11412,6281,全國電,電子通路業,1350085,1400315,1515134,-3.587050057,-10.89335993,18829095,19789099,-4.851175892,-
1150117,11412,6282,康舒,電子零組件業,3385633,3201729,3196774,5.743896501,5.90779955,31755249,31784937,-0.093402734,-
1150117,11412,6283,淳安,其他電子業,151539,120277,186343,25.99166923,-18.67738525,1810332,1570244,15.28985304,-
1150117,11412,6285,啟碁,通信網路業,9230566,8302363,9488518,11.17998575,-2.71856996,110250764,110213455,0.033851584,-
1150117,11412,6405,悅城,光電業,18,30,150,-40,-88,795,131808,-99.39684996,係出貨減少所致
1150117,11412,6409,旭隼,其他電子業,1600995,1612649,1604112,-0.722661906,-0.194313115,20521343,22813347,-10.0467678,-
1150117,11412,6412,群電,電子零組件業,2780685,2574987,3267635,7.988312174,-14.90221521,34451747,37176448,-7.329105244,-
1150117,11412,6414,樺漢,電腦及週邊設備業,14757751,13222426,14117022,11.61152273,4.538698034,142400140,146383720,-2.721327208,-
1150117,11412,6415,矽力*-KY,半導體業,2065220,1749762,2002030,18.02862332,3.156296359,18823039,18454847,1.995096464,-
1150117,11412,6416,瑞祺電通,通信網路業,612047,310452,541271,97.14706299,13.0758899,4309272,4253669,1.307177404,-
1150117,11412,6423,億而得-創,半導體業,5236,8777,10693,-40.34408112,-51.03338633,229957,224706,2.336831237,本公司114年12月營業收入較去年同期減少，主要係因114年12月授權費收入減少所致。
1150117,11412,6426,統新,通信網路業,46773,44167,36938,5.900332828,26.62569711,487310,329852,47.73595431,-
1150117,11412,6431,光麗-KY,生技醫療業,40991,44776,40984,-8.453189209,0.017079836,382168,380576,0.418313294,-
1150117,11412,6438,迅得,其他電子業,581467,570456,426527,1.930210218,36.32595357,6530247,5121060,27.51748661,-
1150117,11412,6442,光聖,通信網路業,1185469,809742,1358551,46.40082891,-12.74019157,10529121,6410405,64.25048027,市場需求增加
1150117,11412,6443,元晶,光電業,121742,149429,227969,-18.52853194,-46.59712505,1825354,4514018,-59.56254494,月營收相較同期減少，主要受政府綠能政策速度及市場淡旺季影響所致。
1150117,11412,6446,藥華藥,生技醫療業,1923690,1553400,1132059,23.83738895,69.92842246,15634777,9734814,60.60683851,本月及本年累計營收較去年成長，主要來自認列美國子公司PharmaEssentia USA Corp.之營收。
1150117,11412,6449,鈺邦,電子零組件業,451352,410995,352683,9.819340868,27.97668161,4474668,3495668,28.00609211,-
1150117,11412,6451,訊芯-KY,半導體業,669934,676677,712131,-0.996487246,-5.925454727,7531930,5188000,45.17983809,-
1150117,11412,6456,GIS-KY,光電業,6043859,5396729,7112126,11.99115242,-15.020361,66784304,69986418,-4.575336317,-
1150117,11412,6464,台數科,其他,414403,379855,404186,9.095049427,2.527796608,4455072,4367451,2.006227431,-
1150117,11412,6472,保瑞,生技醫療業,1656851,1500994,1985626,10.38358581,-16.55775055,19771483,19245907,2.730845577,"停業單位營收累計為756,146千元"
1150117,11412,6477,安集,光電業,43610,67973,51983,-35.84217263,-16.10718889,855699,895634,-4.458852612,-
1150117,11412,6491,晶碩,生技醫療業,624853,603944,619995,3.462075954,0.783554706,7039409,6817305,3.257944305,-
1150117,11412,6504,南六,其他,553961,575096,646552,-3.675038602,-14.32073522,6614649,6715508,-1.501881913,-
1150117,11412,6505,台塑化,油電燃氣業,52936902,46805108,52124690,13.10069405,1.558209747,626148666,663822745,-5.675322107,-
1150117,11412,6515,穎崴,半導體業,927982,625256,455367,48.41632867,103.7877141,7857179,5798096,35.51308912,受惠於全球AI及HPC客戶終端應用需求強勁持續拉貨，本月營收變動達50%以上
1150117,11412,6525,捷敏-KY,半導體業,458622,439935,424683,4.247672952,7.991607858,5325910,4670539,14.03202072,-
1150117,11412,6526,達發,半導體業,1493678,1548058,1562253,-3.512788281,-4.389493891,20926195,19122104,9.434584186,-
1150117,11412,6531,愛普*,半導體業,812924,542079,459917,49.96411962,76.75450136,5643547,4176356,35.13088922,因市場需求相對增加所致
1150117,11412,6533,晶心科,半導體業,201051,109458,155847,83.67867127,29.00537065,1478187,1381507,6.998154913,-
1150117,11412,6534,正瀚-創,生技醫療業,152990,91191,134551,67.76874911,13.70409733,1819183,1635736,11.21495156,-
1150117,11412,6541,泰福-KY,生技醫療業,20128,111984,499,-82.02600371,3933.667335,400971,34678,1056.269104,本公司於2025年1月20日完成合併保瑞生技。
1150117,11412,6550,北極星藥業-KY,生技醫療業,3108,2788,5243,11.47776184,-40.72096128,40785,107006,-61.88531484,子公司CDMO及自有產品收入下降導致兩期差異
1150117,11412,6552,易華電,半導體業,94658,100280,155161,-5.606302353,-38.99369042,1438988,1959533,-26.56474783,-
1150117,11412,6558,興能高,其他電子業,87347,85885,105129,1.7022763,-16.91445748,1072752,1159274,-7.463464203,-
1150117,11412,6573,虹揚-KY,半導體業,64138,73037,96171,-12.18423539,-33.30837779,833212,962378,-13.42154538,-
1150117,11412,6579,研揚,電腦及週邊設備業,869777,690706,664874,25.92579187,30.81832046,8625383,7186031,20.02986071,-
1150117,11412,6581,鋼聯,綠能環保,273351,73514,157609,271.8352967,73.43616164,2210758,2378461,-7.050903925,今年12月銷貨數量較去年12月增加。
1150117,11412,6582,申豐,橡膠工業,47420,36160,142784,31.13938053,-66.78899597,821392,1706196,-51.85828592,本月及本年累計營業收入受市場狀況影響，營收減少。
1150117,11412,6585,鼎基,其他,291490,229833,298837,26.82686994,-2.458530905,2849596,3283286,-13.20902291,-
1150117,11412,6589,台康生技,生技醫療業,157759,135820,138381,16.15299661,14.00336751,1005156,1008960,-0.377021884,-
1150117,11412,6591,動力-KY,電腦及週邊設備業,120512,126422,96797,-4.674819256,24.49972623,1752889,1262815,38.80805977,-
1150117,11412,6592,和潤企業,其他,1944062,1905961,2134101,1.999044052,-8.904873762,23704115,28963830,-18.15959768,113/8/21出售子公司和雲行動股權予和運租車。
1150117,11412,6598,ABC-KY,生技醫療業,54545,29170,23244,86.99005828,134.6627087,475200,343066,38.5156209,本年度累積營收增長，主係市場開發成果與客戶需求提升，致使出貨增加。
1150117,11412,6605,帝寶,汽車工業,1806192,1626221,1848495,11.06682302,-2.288510383,19418730,20199103,-3.863404231,-
1150117,11412,6606,建德工業,電機機械,72211,65701,72031,9.908524984,0.249892407,815268,729140,11.81227199,-
1150117,11412,6614,資拓宏宇,數位雲端,955891,367831,1634126,159.8723327,-41.50444947,4962870,5083494,-2.37285615,-
1150117,11412,6625,必應,其他,537414,417042,208456,28.86327996,157.8069233,4370753,3144225,39.00891317,主要係因本月參與製作之演製活動等較去年同期增加所致
1150117,11412,6641,基士德-KY,綠能環保,168827,164300,180370,2.755325624,-6.399622997,1762021,1818199,-3.089760802,-
1150117,11412,6645,金萬林-創,生技醫療業,61585,55994,60665,9.984998393,1.516525179,549147,501525,9.495438911,-
1150117,11412,6655,科定,其他,260314,235895,233601,10.3516395,11.43531064,2599891,2505178,3.780689436,-
1150117,11412,6657,華安,生技醫療業,1121,555,600,101.981982,86.83333333,7674,7749,-0.967866822,主係勞務收入及試劑銷售成長
1150117,11412,6658,聯策,其他電子業,218871,142013,198300,54.12039743,10.37367625,2081459,1594667,30.5262478,-
1150117,11412,6666,羅麗芬-KY,生技醫療業,118177,74006,104073,59.68570116,13.55202598,1112972,1126524,-1.202992568,-
1150117,11412,6668,中揚光,光電業,145524,118714,101475,22.58368853,43.40872136,1166134,925632,25.98246387,-
1150117,11412,6669,緯穎,電腦及週邊設備業,104290789,96885487,42767009,7.643355294,143.8580379,950663310,360541104,163.6768178,主要係客戶需求強勁
1150117,11412,6670,復盛應用,運動休閒,3295179,3092502,3214306,6.553819529,2.51603301,29844345,28369692,5.197987345,-
1150117,11412,6671,三能-KY,居家生活,222461,165824,209915,34.15488711,5.976704857,1998033,2045712,-2.330679978,-
1150117,11412,6672,騰輝電子-KY,電子零組件業,382732,357953,346954,6.922417189,10.31202984,4260195,4226095,0.806891468,-
1150117,11412,6674,鋐寶科技,通信網路業,42608,32880,71989,29.5863747,-40.81317979,597888,941934,-36.52548905,-
1150117,11412,6689,伊雲谷,數位雲端,1044759,969024,1237065,7.815595899,-15.54534321,12475358,12683928,-1.644364427,-
1150117,11412,6691,洋基工程,其他電子業,3111794,1863801,1849596,66.95956274,68.24182146,22352102,15192054,47.13021689,本月營收較去年同期增加68.24%，主要係因本月正在投入進行的專案較去年同期增加所致。
1150117,11412,6695,芯鼎,半導體業,93171,108688,119644,-14.27664508,-22.12647521,1125645,1018746,10.49319457,-
1150117,11412,6698,旭暉應材,其他電子業,132383,101620,117964,30.27258414,12.22322064,1156656,890710,29.85775393,-
1150117,11412,6706,惠特,光電業,43178,40683,135594,6.132782735,-68.1564081,899479,927875,-3.060326014,主係因公司積極轉型，產品仍處於驗證狀態，客戶尚未放量，致使本期營收相較去年同期下降
1150117,11412,6715,嘉基,電子零組件業,177212,138445,171225,28.00173354,3.496568842,1680388,2243509,-25.10001074,-
1150117,11412,6719,力智,半導體業,342287,419997,301359,-18.50251311,13.58114408,4581285,3697963,23.88671817,-
1150117,11412,6722,輝創,其他電子業,415598,418495,468125,-0.69224244,-11.22072096,5098200,5244540,-2.790330515,-
1150117,11412,6742,澤米,光電業,35882,33466,50986,7.219267316,-29.6238183,535775,670994,-20.15204309,-
1150117,11412,6743,安普新,其他電子業,455881,422638,474199,7.865596563,-3.862935181,5541059,6883508,-19.50239616,-
1150117,11412,6753,龍德造船,航運業,630318,561010,741775,12.35414698,-15.02571534,5246333,5119080,2.485856834,-
1150117,11412,6754,匯僑設計,居家生活,268782,262399,367456,2.432555002,-26.85328311,3533900,5154000,-31.4338378,-
1150117,11412,6756,威鋒電子,半導體業,140684,141354,131061,-0.473987294,7.342382555,1550110,1700310,-8.83368327,-
1150117,11412,6757,台灣虎航,航運業,1485578,1259555,1299652,17.94467094,14.30582956,16898827,16423023,2.897176726,-
1150117,11412,6768,志強-KY,運動休閒,1339975,1668459,1430653,-19.68786767,-6.338224573,20373969,18443858,10.46478996,-
1150117,11412,6770,力積電,半導體業,4269182,4092013,3501515,4.329629451,21.92385296,46730113,44725710,4.481545402,-
1150117,11412,6771,平和環保-創,綠能環保,46669,45301,58781,3.019800887,-20.60529763,618026,635001,-2.673224137,-
1150117,11412,6776,展碁國際,電子通路業,2695957,2603863,2279981,3.536822022,18.24471344,29300379,25513028,14.84477264,-
1150117,11412,6781,AES-KY,電子零組件業,1538447,1480011,1187185,3.948349033,29.58780645,16000812,10036842,59.42078196,"本期收入及合併子公司收入較去年同期增加,故本月收入較去年同期增加"
1150117,11412,6782,視陽,生技醫療業,337029,401381,245905,-16.03264729,37.05658689,4217953,3667795,14.99969328,-
1150117,11412,6789,采鈺,半導體業,765176,784175,927419,-2.422801033,-17.49403452,8938168,10002074,-10.63685392,無
1150117,11412,6790,永豐實,造紙工業,905215,844688,976278,7.165604341,-7.278971768,10645095,10896652,-2.308571477,-
1150117,11412,6792,詠業,通信網路業,84722,101904,84055,-16.86096718,0.793528047,1316148,1229947,7.008513375,-
1150117,11412,6794,向榮生技,生技醫療業,2104,1941,6052,8.397733127,-65.23463318,30103,31881,-5.576989429,本期營業收入較去年同期減少，主係銷貨收入減少所致。
1150117,11412,6796,晉弘,生技醫療業,79193,73066,116483,8.385569211,-32.01325515,661389,538920,22.72489423,-
1150117,11412,6799,來頡,半導體業,81355,79083,69276,2.872930971,17.43605289,966665,907178,6.557368014,-
1150117,11412,6805,富世達,電子零組件業,1187534,1483495,852226,-19.95025261,39.34496249,12413930,8187690,51.61700064,較去年同期客戶需求增加
1150117,11412,6806,森崴能源,綠能環保,1836099,591601,3929042,210.3610373,-53.26853213,25505191,19629162,29.93520049,主要係因離岸之主要工程開始施作認列收入所致
1150117,11412,6807,峰源-KY,居家生活,359098,342603,463937,4.814610497,-22.59768029,4263406,4999466,-14.72277239,-
1150117,11412,6830,汎銓,其他電子業,213484,207144,174821,3.060672769,22.11576412,2178647,1966669,10.77852958,-
1150117,11412,6831,邁科,電腦及週邊設備業,317149,315356,203246,0.568563782,56.04193932,3703311,2005018,84.70213235,業績成長
1150117,11412,6834,天二科技,電子零組件業,115333,112655,112614,2.377169234,2.414442254,1430883,1267846,12.85936936,-
1150117,11412,6835,圓裕,電子零組件業,179919,157429,206551,14.28580503,-12.89366791,2379713,2437615,-2.375354599,-
1150117,11412,6838,台新藥,生技醫療業,3226,0,0,,,9495,143356,-93.37662881,認列勞務收入
1150117,11412,6854,錼創科技-KY創,半導體業,151962,184452,157666,-17.61433869,-3.617774282,1351819,1768442,-23.55875963,-
1150117,11412,6861,睿生光電,生技醫療業,216957,203631,204473,6.544190226,6.105451576,2293791,1989666,15.28522878,-
1150117,11412,6862,三集瑞-KY,電子零組件業,156685,178913,160625,-12.42391553,-2.452918288,2265718,2200240,2.975948078,-
1150117,11412,6863,永道-KY,通信網路業,455585,332876,552106,36.86327642,-17.48233129,3952716,4612422,-14.30281097,-
1150117,11412,6869,雲豹能源,綠能環保,1025477,411004,483409,149.5053576,112.1344452,7469018,3793297,96.90042725,本月及本年累計營收增加，主要係因承包工程案件依進度認列工程收入及發售電業務成長所致。
1150117,11412,6873,泓德能源,綠能環保,1635799,802349,1896316,103.8762434,-13.73805842,8779924,10125465,-13.28868353,-
1150117,11412,6885,全福生技,生技醫療業,1063,679,33,56.55375552,3121.212121,5490,333,1548.648649,諮詢服務收入、含子公司營業收入
1150117,11412,6887,寶綠特-KY,綠能環保,872356,320797,837548,171.9339645,4.155940913,4771063,5444066,-12.36213889,-
1150117,11412,6890,來億-KY,運動休閒,3294434,3538257,3505779,-6.891048333,-6.028474698,39594659,37689899,5.053767854,-
1150117,11412,6901,鑽石投資,其他,107844,34526,117978,212.3559057,-8.58973707,-1073250,-2228790,51.84606894,營業收入為投資標的之評價損益(含已實現及未實現)，投資標的的股數及公允價值變動情形，請參考本公司網站投資人專區/財務資訊。
1150117,11412,6902,GOGOLOOK,數位雲端,101577,101946,85689,-0.36195633,18.54146973,1048183,866853,20.9181949,-
1150117,11412,6906,現觀科,數位雲端,39025,41789,45753,-6.614180765,-14.70504666,348178,393778,-11.58012891,-
1150117,11412,6909,創控,半導體業,105955,55420,99913,91.1854926,6.047261117,551018,496062,11.0784539,-
1150117,11412,6914,阜爾運通,其他,533238,458244,480061,16.36551706,11.07713395,5678227,4716986,20.37828817,-
1150117,11412,6916,華凌,光電業,182482,171681,164372,6.291319366,11.01769158,2030032,2033923,-0.191305177,-
1150117,11412,6918,愛派司,生技醫療業,72039,80386,73114,-10.38364889,-1.470306644,835891,769591,8.614965612,-
1150117,11412,6919,康霈*,生技醫療業,0,12410,0,-100,,38037,44434,-14.39663321,本公司新藥仍在研發階段，目前營收來源為健康食品銷售，僅於出貨予代理商之月份認列營收，因並非每月固定出貨致使營收變動。
1150117,11412,6921,嘉雨思-創,半導體業,19172,13969,9578,37.24676068,100.1670495,194898,151727,28.45307691,"去年因應客戶需求提前於11月出貨,致同年12月營收下滑"
1150117,11412,6923,中台,綠能環保,108007,93385,118838,15.65776088,-9.114088086,1155508,1716745,-32.69192571,-
1150117,11412,6924,榮惠-KY創,電子零組件業,147751,138604,160591,6.599376641,-7.995466745,1693719,1762824,-3.920130427,-
1150117,11412,6928,攸泰科技,電腦及週邊設備業,115693,111178,136138,4.061055245,-15.01784954,1966703,2021425,-2.707100189,-
1150117,11412,6931,青松健康,生技醫療業,102153,96866,88812,5.458055458,15.0216187,1121696,982561,14.16044398,-
1150117,11412,6933,AMAX-KY,電腦及週邊設備業,696584,532776,667767,30.74612971,4.315427387,6986785,5492388,27.20851112,-
1150117,11412,6936,永鴻生技,生技醫療業,120135,134129,124827,-10.43323964,-3.758802182,1416122,1294112,9.428086595,-
1150117,11412,6937,天虹,半導體業,383184,169289,775555,126.3490244,-50.59228552,2244646,2587641,-13.2551231,銷售產品組合差異所致
1150117,11412,6944,兆聯實業,綠能環保,2014675,1810256,1163789,11.29227026,73.1134252,16912921,10300194,64.20002381,本公司因推進美國專案工程，致本月營收較去年同期明顯成長。
1150117,11412,6949,沛爾生醫-創,生技醫療業,2316,1692,1833,36.87943262,26.3502455,31402,19796,58.62800566,本年累計較去年同期增加係因子公司對新客戶委任規劃廠房設計收入所致
1150117,11412,6951,青新-創,綠能環保,83411,84662,59827,-1.4776405,39.42032861,865617,698725,23.88521951,-
1150117,11412,6952,大武山,其他,190090,181937,166969,4.481221522,13.84748067,1944395,1987639,-2.175646584,-
1150117,11412,6955,邦睿生技-創,生技醫療業,31388,26102,24259,20.25132174,29.38703162,306307,222878,37.43258644,-
1150117,11412,6957,裕慶-KY,其他,674568,209319,659003,222.267926,2.361901236,3823823,4013930,-4.736181249,-
1150117,11412,6958,日盛台駿,其他,881017,867782,951747,1.52515263,-7.431596842,10850152,11678174,-7.090337924,-
1150117,11412,6962,奕力-KY,半導體業,1585793,1629536,1609036,-2.684383776,-1.44452952,19085070,22461565,-15.03232299,-
1150117,11412,6965,中傑-KY,運動休閒,1577595,1788144,2365825,-11.77472284,-33.31734173,21663179,26986539,-19.72598265,-
1150117,11412,6969,成信實業*-創,綠能環保,78765,25610,38042,207.5556423,107.0474738,360113,200039,80.02139583,主要係EPC案於114年底部份驗收，依完成比率認列收入，致本年度營收較去年同期增加。
1150117,11412,6988,威力暘-創,汽車工業,61111,62611,57196,-2.395745157,6.844884258,791989,884715,-10.48088933,-
1150117,11412,6994,富威電力,綠能環保,1968966,770473,344029,155.5528876,472.3255888,4990058,1886585,164.502156,係因工程案件依進度認列收入所致
1150117,11412,7610,聯友金屬-創,綠能環保,194359,162455,59382,19.63866917,227.3028864,1405539,1098998,27.89277142,12月單月合併營收較去年同期增加227%，主要在於鎢酸鈉出貨價格較去年同期增加，以及產品品項增加所致。
1150117,11412,7631,聚賢研發-創,其他電子業,250850,110795,82663,126.409134,203.4610406,1102454,850710,29.59222297,本月營收較去年同期成長，主要受惠於新加坡訂單挹注。
1150117,11412,7705,三商餐飲,觀光餐旅,591307,573002,549088,3.194578727,7.688931465,6533438,6324177,3.308904858,-
1150117,11412,7711,永擎,電腦及週邊設備業,1967679,3508872,1079829,-43.92274782,82.22135171,24875523,8803095,182.5770141,顧客需求強勁
1150117,11412,7721,微程式,數位雲端,54905,48427,65357,13.37683524,-15.9921661,507789,794306,-36.07136293,-
1150117,11412,7722,LINEPAY,數位雲端,717737,756950,617209,-5.180395006,16.28751363,7872004,6296000,25.03182973,-
1150117,11412,7730,暉盛-創,半導體業,63709,42488,45231,49.94586707,40.85251266,518447,547630,-5.328962986,-
1150117,11412,7732,金興精密,汽車工業,73318,83671,100186,-12.37346273,-26.8181183,1092317,1085128,0.662502488,-
1150117,11412,7736,虎山,汽車工業,115288,137403,128439,-16.09499065,-10.23910183,1664046,1359638,22.38890058,-
1150117,11412,7740,熙特爾-創,綠能環保,2547685,324236,72713,685.7501943,3403.754487,4221019,432590,875.755103,本月及本年營收較去年同期營收增加，主要係因依專案進度認列收入所致。
1150117,11412,7749,意騰-KY,半導體業,122177,146910,104270,-16.8354775,17.17368371,1590527,858732,85.218089,市場需求增加
1150117,11412,7750,新代,電機機械,1472730,1158952,972951,27.0742878,51.36733505,13960426,10807628,29.17197002,市場持續11月份的走勢， 較去年活絡。
1150117,11412,7765,中華資安,數位雲端,252934,178747,352487,41.50391335,-28.2430274,2045570,1973659,3.643537207,-
1150117,11412,7769,鴻勁,半導體業,3329188,3025370,1907474,10.04234193,74.53385996,30270625,13992344,116.3370555,主要係因市場需求較去年同期成長所致。
1150117,11412,7780,大研生醫,食品工業,182993,336900,140015,-45.68328881,30.69528265,1895089,1367578,38.57264449,-
1150117,11412,7786,東方風能,綠能環保,359432,620689,350678,-42.09144999,2.496307154,10478468,6818357,53.68024878,主係因業務持續成長所致。
1150117,11412,7788,松川精密,電子零組件業,603208,519734,567770,16.06090808,6.24161192,6434291,5943432,8.25884775,-
1150117,11412,7791,皇家可口,食品工業,148596,160914,160511,-7.655020694,-7.42316726,2577628,2668039,-3.388668606,-
1150117,11412,7795,長廣,電子零組件業,362596,135531,168176,167.5373162,115.6050804,1897890,2233812,-15.0380605,受到市場需求循環及客戶驗收進度影響，導致本月營收較去年同期增加50以上%。
1150117,11412,7799,禾榮科,生技醫療業,1972,1420,0,38.87323944,,10308,0,,使用硼中子捕獲治療(BNCT)之恩慈治療照射費及藥品收入
1150117,11412,8011,台通,通信網路業,185072,177088,193844,4.508492953,-4.525288376,2075427,2487299,-16.55900638,-
1150117,11412,8016,矽創,半導體業,1886317,1801086,1567241,4.732200461,20.35908964,19001932,17826505,6.59370415,-
1150117,11412,8021,尖點,其他電子業,466079,437627,323025,6.501427014,44.2857364,4410104,3541099,24.54054518,-
1150117,11412,8028,昇陽半導體,半導體業,400693,410544,353522,-2.399499201,13.34315828,4509587,3551607,26.97314202,-
1150117,11412,8033,雷虎,其他,125253,102039,130997,22.75012495,-4.38483324,1416763,1245153,13.78224202,-
1150117,11412,8039,台虹,電子零組件業,882104,903373,742066,-2.35439846,18.87136724,10609440,9938135,6.75483881,自結數尚未經會計師簽證，特此說明。
1150117,11412,8045,達運光電,通信網路業,105543,48123,108890,119.3192444,-3.073744145,1210125,1736202,-30.30044891,產品轉換期
1150117,11412,8046,南電,電子零組件業,3923814,3534352,2677001,11.01933254,46.57499194,40172990,32283331,24.43880094,-
1150117,11412,8070,長華*,電子通路業,1790722,1651843,1493979,8.407518148,19.86259512,19351780,17231404,12.30530025,-
1150117,11412,8072,陞泰,電子通路業,129768,114658,69301,13.17832162,87.2527092,1284133,939153,36.73309887,因受惠終端客戶需求成長，及新增客戶所致。
1150117,11412,8081,致新,半導體業,671280,679502,623586,-1.210003797,7.648343613,8665677,8252664,5.00460215,-
1150117,11412,8101,華冠,通信網路業,20906,26960,37613,-22.45548961,-44.4181533,376520,146575,156.878731,113年11月起方合併印尼子公司營收
1150117,11412,8103,瀚荃,電子零組件業,332182,295091,311239,12.56934302,6.728912508,3355450,3188144,5.247755434,係本公司自結合併營收
1150117,11412,8104,錸寶,光電業,162316,189408,196071,-14.30351411,-17.21570248,3588083,2312901,55.13344497,係因子公司依客戶訂單出貨認列營收所致。
1150117,11412,8105,凌巨,光電業,707831,720876,791931,-1.809603871,-10.61961206,8595510,8767126,-1.957494394,-
1150117,11412,8110,華東,半導體業,713924,628363,643530,13.61649238,10.93872858,7315440,7859456,-6.921802221,-
1150117,11412,8112,至上,電子通路業,27302034,25366908,20639097,7.628545032,32.2830839,226528013,237008313,-4.421912408,-
1150117,11412,8114,振樺電,電腦及週邊設備業,1074038,866312,1900426,23.97819723,-43.48435561,18149121,13888924,30.67334086,-
1150117,11412,8131,福懋科,半導體業,1054829,1003388,756778,5.126730637,39.38420514,9921208,8932564,11.06786361,-
1150117,11412,8150,南茂,半導體業,2203330,2140319,1780082,2.944000404,23.77688219,23932900,22695909,5.450281811,-
1150117,11412,8162,微矽電子-創,半導體業,97281,96142,98256,1.184705956,-0.992305813,1274773,1064152,19.79237928,-
1150117,11412,8163,達方,電腦及週邊設備業,1989289,1937975,1949737,2.647815374,2.028581291,25080609,21721153,15.46628763,-
1150117,11412,8201,無敵,其他電子業,47284,31864,29971,48.39317098,57.76584031,475222,466072,1.963215984,主要係企業服務客戶之估驗增加所致。
1150117,11412,8210,勤誠,電腦及週邊設備業,2710524,2036511,1609749,33.09645762,68.38177877,22001340,14517185,51.55376197,終端客戶所需產品大量出貨
1150117,11412,8213,志超,電子零組件業,1548207,1552491,1172203,-0.275943629,32.07669661,18368162,17710060,3.715978376,-
1150117,11412,8215,明基材,光電業,1483598,1382704,1608727,7.296861801,-7.778137621,17845985,18588978,-3.996954539,-
1150117,11412,8222,寶一,電機機械,84919,59097,53161,43.69426536,59.73928256,961015,824132,16.60935384,去年度因生產不及所致
1150117,11412,8249,菱光,電子零組件業,395781,269664,316647,46.76820043,24.9912363,3720643,4200192,-11.4173114,-
1150117,11412,8261,富鼎,半導體業,230720,249199,232188,-7.41535881,-0.632246283,3104192,2918381,6.366920563,-
1150117,11412,8271,宇瞻,半導體業,850136,1045171,635154,-18.66058281,33.84722445,11123604,7837159,41.9341371,-
1150117,11412,8341,日友,綠能環保,323821,343456,335696,-5.7168895,-3.537426719,3990550,3696692,7.949215136,-
1150117,11412,8367,建新國際,航運業,286680,283706,258553,1.048268278,10.87862063,3244666,2896677,12.01338637,無
1150117,11412,8374,羅昇,電機機械,413989,383236,387802,8.024559279,6.752672756,4727025,3678183,28.51522069,-
1150117,11412,8404,百和興業-KY,其他,680911,578747,565145,17.6526185,20.48430049,7576734,7000097,8.23755728,-
1150117,11412,8411,福貞-KY,其他,1035646,790448,1000418,31.02013036,3.521328085,9186923,8954025,2.601042548,-
1150117,11412,8422,可寧衛*,綠能環保,345544,313011,478619,10.39356444,-27.80395262,4788640,5169586,-7.368984673,-
1150117,11412,8429,金麗-KY,貿易百貨,14958,14604,15064,2.423993426,-0.703664365,150383,131647,14.23199921,主係今年起生產及銷售工序安排已穩定，代理商增加線上銷售推廣，銷售比去年同期累計上升。
1150117,11412,8438,昶昕,綠能環保,374276,344048,303409,8.785983351,23.35692086,3841708,3406089,12.78941918,-
1150117,11412,8442,威宏-KY,其他,719373,722306,591321,-0.406060589,21.65524309,8111775,8344426,-2.788100703,-
1150117,11412,8443,阿瘦,貿易百貨,102458,103982,112019,-1.465638284,-8.535159214,1117987,1134998,-1.498769161,-
1150117,11412,8454,富邦媒,數位雲端,9196237,14678791,9747333,-37.35017414,-5.653813202,108665921,112563635,-3.462676023,-
1150117,11412,8462,柏文,運動休閒,555008,537942,455815,3.172460972,21.76167963,6065690,5122945,18.40240331,-
1150117,11412,8463,潤泰材,其他,662256,583612,662059,13.47539118,0.029755656,7221680,6667704,8.308347221,-
1150117,11412,8464,億豐,居家生活,2617818,2477620,2690711,5.658575568,-2.709060914,29968999,29535209,1.46872162,-
1150117,11412,8466,美吉吉-KY,其他,288900,192870,353469,49.790014,-18.26723136,3163162,3861327,-18.08096025,-
1150117,11412,8467,波力-KY,運動休閒,135705,140403,248012,-3.346082349,-45.28288954,2432646,2470162,-1.518766785,主係船期影響，部分球桿遞延下月出貨。
1150117,11412,8473,山林水,綠能環保,579689,499461,389272,16.06291582,48.916182,5124597,3386879,51.30735406,主係114年水處理承攬工程增加
1150117,11412,8476,台境*,綠能環保,136865,67130,51161,103.8805303,167.5182268,1211880,1520598,-20.30240734,去年同期因工案收入及成本發生會計估計變動，致使營收下滑，本期無此情形。
1150117,11412,8478,東哥遊艇,運動休閒,379368,358119,36426,5.933502551,941.4758689,5231354,4943256,5.828101964,主係認列遊艇銷貨收入增加所致
1150117,11412,8481,政伸,其他,100511,101537,94900,-1.01046909,5.912539515,1179281,1124099,4.908998229,-
1150117,11412,8482,商億-KY,居家生活,339567,299784,386718,13.2705548,-12.19260546,3424960,3695415,-7.318663804,-
1150117,11412,8487,愛爾達-創,數位雲端,62580,72162,82945,-13.27845681,-24.55241425,1018600,1487370,-31.51670398,月營收年增率-24.55%，主係去年同期轉播世界棒球12強所致。
1150117,11412,8488,吉源-KY,其他,390295,286547,416345,36.20627681,-6.256830273,3081822,3323635,-7.275558237,-
1150117,11412,8499,鼎炫-KY,其他電子業,387684,395155,211703,-1.890650504,83.12636099,2917846,2038538,43.13424621,因於本年8、9月份分別收購常州威斯雙聯科技有限公司及蘇州德佑新材料科技有限公司所致
1150117,11412,8926,台汽電,油電燃氣業,546763,655046,973648,-16.5305948,-43.84387376,7616257,9132234,-16.60028641,-
1150117,11412,8940,新天地,觀光餐旅,160927,185518,174216,-13.25531754,-7.62788722,1587911,1696776,-6.415991268,-
1150117,11412,8996,高力,電機機械,935641,682097,343956,37.17125277,172.0234565,6580623,4003440,64.37421318,114年12月營收較去年同期增加172.02%，主要係板式熱交換器及熱能產品之營業額，較去年同期分別增加25.11%及增加269.15%所致。
1150117,11412,9105,泰金寶-DR,存託憑證,10810888,11054807,11406497,-2.206451908,-5.22166446,131675016,134789114,-2.310348297,-
1150117,11412,912000,晨訊科-DR,存託憑證,212164,178536,287367,18.83541695,-26.16967154,1597395,1773951,-9.952698806,-
1150117,11412,9802,鈺齊-KY,運動休閒,1744644,1412420,1783362,23.52161538,-2.171067904,17294633,14611471,18.36339408,-
1150117,11412,9902,台火,其他,57463,105198,21292,-45.37633795,169.8807064,378514,241915,56.46570076,本月及累計營收較去年同期增加，主要係本月及累計銷售投標車輛營收較去年同期增加所致。
1150117,11412,9904,寶成,運動休閒,20457885,20733230,22326694,-1.328037165,-8.370289842,251400181,263820526,-4.707876672,-
1150117,11412,9905,大華,其他,789357,513869,703394,53.61055055,12.22117334,8180976,8368090,-2.236041916,-
1150117,11412,9906,欣巴巴,建材營造,727379,147472,764094,393.2319356,-4.805037077,1296227,4374612,-70.36932647,本年營收與去年之差異，主係新個案尚未全數入帳。
1150117,11412,9907,統一實,其他,3974178,2827628,4496263,40.54812019,-11.61153162,45638485,44859298,1.736957631,-
1150117,11412,9908,大台北,油電燃氣業,287754,279730,306652,2.86848032,-6.162686042,3374034,3317860,1.693079274,-
1150117,11412,9910,豐泰,運動休閒,6660941,7163258,6702304,-7.012409716,-0.617145984,83512023,87487616,-4.544178001,合併營業收入為本公司自結數.
1150117,11412,9911,櫻花,居家生活,942279,794750,828048,18.56294432,13.79521477,10274605,9600869,7.017448108,-
1150117,11412,9912,偉聯,電腦及週邊設備業,46280,51419,35019,-9.994360061,32.15682915,506372,504532,0.36469441,-
1150117,11412,9914,美利達,運動休閒,1596527,1656655,1797246,-3.6294823,-11.16814281,26734819,29647233,-9.823560937,-
1150117,11412,9917,中保科,其他,1720894,1660853,1719316,3.615070087,0.091780685,19005069,17859305,6.415501611,-
1150117,11412,9918,欣天然,油電燃氣業,169569,143083,179519,18.51093421,-5.542588807,2051022,1992726,2.925439825,-
1150117,11412,9919,康那香,其他,217358,222098,295516,-2.134193014,-26.44797574,2665869,2914204,-8.521537957,-
1150117,11412,9921,巨大,運動休閒,3594024,4143530,4109352,-13.26178403,-12.54037133,60265372,71254891,-15.42282761,-
1150117,11412,9924,福興,居家生活,573151,597758,646821,-4.116548837,-11.38954981,7383347,8038229,-8.147093097,-
1150117,11412,9925,新保,其他,749068,689329,640630,8.666253705,16.92677521,8133786,7842679,3.711831123,-
1150117,11412,9926,新海,油電燃氣業,218308,197886,211054,10.32008328,3.437035072,2469825,2332049,5.907937612,-
1150117,11412,9927,泰銘,其他,784626,728966,674391,7.635472711,16.34585871,8048159,8553557,-5.908629591,-
1150117,11412,9928,中視,其他,118298,80944,84962,46.14795414,39.23636449,879893,899629,-2.193793219,-
1150117,11412,9929,秋雨,其他,55916,66914,59946,-16.43602236,-6.722717112,649912,654870,-0.757096828,-
1150117,11412,9930,中聯資源,綠能環保,1243621,1143273,1273642,8.777256176,-2.357098777,13991384,13290553,5.273151539,-
1150117,11412,9931,欣高,油電燃氣業,137151,137006,120070,0.105834781,14.22586824,1568123,1948286,-19.51268962,-
1150117,11412,9933,中鼎,其他,11559711,6745884,13646167,71.35946897,-15.28968537,91829389,119924617,-23.4274069,-
1150117,11412,9934,成霖,居家生活,1247827,1496454,1343902,-16.6144098,-7.148958778,17389981,18161457,-4.247875047,-
1150117,11412,9935,慶豐富,居家生活,414935,463124,454407,-10.40520465,-8.686485904,4941547,5399082,-8.474311003,-
1150117,11412,9937,全國,油電燃氣業,1866399,1781725,2018801,4.752360774,-7.549134362,22542896,24033254,-6.201232675,-
1150117,11412,9938,百和,其他,1348442,1173339,1264901,14.92347906,6.604548498,15775885,15458568,2.052693367,-
1150117,11412,9939,宏全,其他,2024330,1912958,2221113,5.821978318,-8.859657298,28876866,28408164,1.649884871,-
1150117,11412,9940,信義,其他,2828058,1007497,884185,180.7013817,219.8491266,11457390,12781872,-10.36219108,"本公司之子公司「嘉品」建案，於12月交屋認列營收1,908佰萬元。"
1150117,11412,9941,裕融,其他,3378768,3232414,3500954,4.527699732,-3.490077276,39657364,41540238,-4.532650968,-
1150117,11412,9942,茂順,其他,358684,332022,322327,8.03019077,11.2795391,4013910,3899738,2.92768386,-
1150117,11412,9943,好樂迪,觀光餐旅,209212,189506,232732,10.39861535,-10.10604472,2413732,2602684,-7.259890175,-
1150117,11412,9944,新麗,其他,185138,165520,160615,11.85234413,15.2681879,2275275,2318459,-1.862616505,-
1150117,11412,9945,潤泰新,其他,6988950,3807905,3794254,83.53792965,84.19826401,38797635,31667047,22.51737587,主係建案交屋認列及子公司潤弘正於大量施工階段，以致本月營收較去年同期增加。
1150117,11412,9946,三發地產,建材營造,1360270,3843,474556,35296.04476,186.6405651,1487883,2030962,-26.73998824,本月營收較去年同期增加，係因本月預售建案完工交屋入帳所致。
1150117,11412,9955,佳龍,綠能環保,194523,121816,97140,59.68591975,100.2501544,1507056,1195460,26.06494571,"因本期營收較去年同期增加,主要係貴金屬銷售量增加所致"
1150117,11412,9958,世紀鋼,鋼鐵工業,1257517,1152612,1364447,9.101501633,-7.836874573,14464234,12474490,15.95050379,-
